date,time,location,crime_type,latitude,longitude
2022-10-29,12:15:35,"462 0 David Courts Apt. 651
Port Michaelport, TX 17060",assault,49.610834,62.573271
2023-05-15,14:05:29,"2266 Eric Manors
North Tabitha, AK 94436",assault,27.993890,175.130604
2024-01-27,07:12:16,"899 Rodriguez Fork Suite 527
East Amyshire, WA 15913",vandalism,32.854315,145.800892
2023-03-30,08:34:45,"02573 Jessica Rapids
Julianmouth, HI 03142",burglary,62.394935,-47.241339
2023-04-29,23:38:25,"936 Benjamin Meadows
Jenniferstad, VI 41468",vandalism,79.0692555,-155.652746
2023-03-14,23:54:12,"8016 Javier Courts Apt. 260
New Jonathanshire, SC 08968",vandalism,58.8763385,-48.026986
2022-08-25,07:45:10,"3053 Petersen Radial Apt. 616
Williamsfurt, MH 94724",vandalism,-15.364914,-179.469947
2024-01-22,20:21:31,"615 Medina Coves Apt. 203
West Erica, CT 43013",burglary,32.7503465,154.270501
2022-10-14,09:32:17,"67949 Alexander Road Apt. 618
New Donaldton, MI 67315",vandalism,-57.4641075,-32.088234
2022-05-31,16:55:45,"46630 Joe Drives Apt. 113
New Rachelhaven, AL 69838",vandalism,-10.331082,-42.274601
2022-09-08,10:19:39,"46663 Gordon Light Suite 458
Port Katherine, ND 40872",burglary,-15.0013975,-120.860248
2022-11-16,14:11:37,"78454 Bryan Summit Suite 821
North Donnaview, ME 49229",assault,-64.1602355,-131.198474
2022-11-12,22:33:45,"220 Holly Burgs Suite 394
Lake Teresa, NH 88587",assault,61.0557345,-51.087911
2023-07-11,02:49:33,"0532 Lauren Fork Suite 030
Alvaradotown, AZ 81939",vandalism,64.467374,-109.530457
2022-12-11,18:38:05,"691 Hickman Skyway Suite 894
Colinbury, AL 53154",theft,-30.087849,-37.200792
2023-07-07,06:00:18,"3508 Rebecca Green Suite 256
Yorkborough, WI 90859",burglary,-83.4586885,51.330609
2024-01-20,11:04:00,"0792 Jackson Mountains Suite 217
Kristinton, DC 32225",assault,52.223982,-50.497310
2023-05-21,03:50:06,"6059 Brown Landing Apt. 204
South Kellytown, MO 51513",vandalism,39.929986,125.240421
2023-10-28,07:00:51,"Unit 5793 Box 5759
DPO AA 63748",theft,-69.269720,-156.305374
2023-04-19,13:12:48,"3531 Mccarthy Shoals
East Jasonview, NM 11328",burglary,14.484481,33.193192
2023-11-24,04:22:57,"Unit 2996 Box 7329
DPO AE 17448",burglary,25.1493005,-101.939385
2023-12-15,10:49:15,"1287 Baldwin Locks
East Bradley, NH 09945",theft,-64.307228,63.950548
2023-11-29,09:53:06,"24410 Gonzalez Mews Apt. 420
North Ericborough, HI 33346",theft,-74.235488,171.816884
2023-10-10,00:37:50,"114 Alexander Shoals Apt. 718
North Philiptown, KS 78104",burglary,54.3262905,-177.441938
2023-07-19,12:16:09,"410 Courtney Courts Suite 832
New Kimberly, PA 15439",vandalism,-57.190420,134.207860
2023-10-10,23:52:36,"06594 Lisa Stream
North Erika, AZ 46883",burglary,61.9572155,-28.178824
2023-08-17,20:51:25,"706 Tucker Glens Suite 201
South Joshua, VI 65084",vandalism,-33.1874005,42.057265
2023-09-14,07:46:12,"1354 Johnson Village
Patrickland, CA 59889",burglary,-43.936005,14.620257
2023-11-03,02:48:46,"PSC 9295, Box 8167
APO AA 74236",vandalism,86.5184485,-42.451211
2023-10-08,14:04:23,"664 Ramirez Parks Apt. 444
South Monica, NV 66477",theft,39.3994095,125.664967
2023-01-27,18:09:53,"0881 Savage Valleys
Melaniefort, NJ 60735",assault,-2.567567,60.388194
2022-11-24,10:22:39,"0832 Carrie Expressway
North Kathleenburgh, OH 80656",theft,0.4050895,101.741217
2023-08-02,05:03:08,"857 Monica Greens Apt. 277
North Eric, MO 11993",assault,50.2288355,-98.285539
2023-02-20,13:16:12,"649 Joseph Extensions Apt. 498
East Jack, GA 10691",vandalism,64.1618155,176.756120
2023-04-05,15:16:17,"990 Michelle Highway
Andrewmouth, GU 62421",theft,-25.260474,-43.339916
2023-02-20,13:18:10,"Unit 2307 Box 5379
DPO AE 18587",vandalism,48.779322,54.259511
2022-08-21,09:16:35,"25029 Kemp Mill
South Ashley, NJ 05098",burglary,-12.1703375,-60.884983
2022-08-29,07:57:15,"6923 George Shoals
Melissaberg, VT 27690",vandalism,21.1237905,-101.305719
2022-08-02,20:00:37,"188 Deanna Station
Andrewmouth, WV 15989",theft,69.079153,17.738738
2024-03-30,12:05:50,"234 Bond Overpass Apt. 995
Brownstad, WI 82128",theft,26.818899,-172.688107
2023-11-06,14:03:33,"18280 Parker Mountain
Joshuaton, WA 65409",burglary,30.6621725,-134.922268
2023-05-31,06:45:20,"933 Mercer Lakes Apt. 581
New Katiebury, RI 59002",theft,3.823714,-115.098686
2023-05-08,23:56:20,"16325 Troy Manors
New Adammouth, FM 80423",theft,54.459382,78.898489
2022-09-07,01:26:52,"587 Lawson Run
East Douglas, MD 25651",burglary,46.292905,-170.277412
2022-11-30,06:11:45,"710 Garcia Route Apt. 226
New Cherylberg, DC 10253",theft,-48.050642,-96.679739
2023-03-03,19:00:17,"426 Tanya Plaza Apt. 466
Davisbury, MH 95278",vandalism,-82.028892,51.295870
2024-03-20,15:22:06,"272 Chapman Fords Suite 026
Garciaburgh, FL 52032",burglary,-53.7214175,-169.878003
2022-06-20,23:25:42,"5777 Grimes Mews
Patriciaborough, MS 23375",burglary,-80.961728,-30.834025
2024-03-31,07:12:05,"PSC 4599, Box 3587
APO AP 96949",burglary,-25.5328935,-146.215185
2022-11-13,04:46:34,"9067 Henry Court
East Robert, ND 92639",assault,74.051761,100.121537
2022-09-18,01:10:16,"79965 Wright Springs Suite 949
Braunfurt, AK 16646",assault,86.840518,-117.726111
2022-12-01,10:16:08,"2064 Ochoa Locks Apt. 502
New Brandonview, IA 17580",theft,-20.056114,40.707537
2022-11-09,18:20:35,"207 Hoffman Shoals Apt. 239
East Tamarafort, IA 67758",burglary,65.2881895,-121.738681
2023-08-03,13:51:58,"6530 James Stream Apt. 503
Brendaview, AZ 66733",assault,38.2355285,-33.191259
2023-08-14,13:10:11,"97779 Hood Forge
Philipside, OK 20516",assault,16.5714465,51.631708
2023-08-16,04:13:49,"262 Phyllis Station
Lake Brianborough, NH 04566",burglary,55.942731,12.095058
2023-10-14,16:27:21,"55041 Joseph Street Suite 577
South Krystaltown, VI 67897",burglary,81.2607495,-179.038835
2023-03-24,08:42:44,"Unit 6936 Box 4212
DPO AA 33576",assault,29.9729835,-29.187018
2023-12-16,00:26:41,"25364 Allen Spring Apt. 071
Matthewview, MI 39692",theft,-51.8133865,65.410867
2023-07-11,21:56:55,"USCGC Wagner
FPO AA 29938",assault,74.3293685,-116.830652
2024-05-05,16:12:49,"9704 Melissa Summit
Stephensontown, AK 66164",theft,-18.171869,-39.511718
2023-12-18,15:29:44,"79173 Danielle Point
West Reginaldhaven, KY 37461",assault,3.600476,-177.356538
2022-08-04,04:55:44,"7590 Timothy Courts
Weberport, KY 61106",assault,88.5358005,-157.267335
2022-10-24,21:42:59,"967 Wilkinson Cove Suite 634
Veronicaland, IA 14113",assault,18.338425,-112.578676
2022-11-15,04:28:23,"40046 Melanie Ramp Suite 348
South Karenbury, MT 73456",vandalism,-51.437424,-32.115845
2023-08-17,13:43:05,"06139 Kathleen Turnpike
West Donald, ND 99481",assault,-72.205726,-34.817080
2023-03-31,12:20:56,"29930 Reed Court Apt. 224
Pughtown, VT 28580",vandalism,-62.937477,-159.788357
2022-08-27,08:12:18,"96723 Patricia Circle
East Michael, MI 42435",theft,-5.0156325,-163.958370
2023-02-26,03:55:33,"810 Chelsea Corner
Blakefort, WA 22943",assault,-77.703688,3.212133
2022-05-22,18:26:26,"8847 Fernando Club
Lake Suzanne, MN 95324",theft,-73.871562,-121.135757
2023-03-11,06:39:59,"7566 Patricia Greens Suite 585
Matthewhaven, MT 33865",assault,-38.0927585,173.924068
2023-02-13,14:14:08,"0127 Eric Canyon Suite 711
New Savannah, MD 58854",vandalism,52.683787,122.183245
2024-01-21,07:08:39,"96414 Gregory Vista
Longbury, GA 15206",burglary,35.248036,92.411341
2022-07-14,09:23:09,"764 Robert Knoll
Lake Sydneymouth, TN 87602",assault,38.224509,148.131812
2024-04-20,06:12:35,"9088 Hughes Lake Suite 564
South Michael, GA 40720",assault,12.5765375,-149.409433
2023-01-03,13:26:02,"37771 Jones Points Suite 274
North Robertland, AR 01379",vandalism,-56.5251375,101.841867
2023-04-13,08:39:31,"72852 Serrano Square Apt. 655
Port Keithport, VA 81884",assault,-42.514476,141.428299
2022-09-19,21:45:32,"6038 Martin Ridge Suite 915
Angelaview, UT 47018",vandalism,1.917916,-21.737078
2022-06-04,19:52:30,"PSC 0328, Box 7209
APO AE 90418",vandalism,6.910016,-133.865297
2022-06-17,14:11:26,"2283 Brandon Island
Reginashire, WA 18956",burglary,-35.3124615,-111.537885
2023-08-18,02:41:44,"2429 Robles Alley Suite 078
Simpsonfort, MH 93037",theft,56.297865,-132.288606
2022-07-11,07:42:50,"80557 Cruz Mountain Apt. 825
North Kevinside, FL 13357",burglary,-88.868572,-35.778383
2023-07-17,20:41:43,"58253 Reese Extension Suite 160
Tracystad, NY 99161",burglary,-84.2335155,-94.136769
2024-02-14,07:01:33,"606 Robyn Tunnel Suite 078
Glenntown, AZ 40599",vandalism,52.5658535,101.675331
2024-03-29,22:32:52,"96312 Ochoa Divide
South Jeremyfurt, TX 02123",assault,29.0882245,87.858369
2024-02-04,05:51:30,"8429 Jennifer Ways
East Mckenzie, SD 19674",vandalism,46.682352,-152.730589
2022-08-06,20:59:38,"65922 Nunez Prairie
South Carmenview, MP 12784",assault,82.1373395,166.190428
2023-10-23,02:41:01,"PSC 3743, Box 0603
APO AE 17173",theft,12.4728075,-108.922966
2023-09-08,13:52:35,"6025 Tyler Spring
Port Jenna, VA 55643",vandalism,-37.715041,-39.222561
2023-08-30,11:15:45,"22784 Sanchez Unions
Courtneyshire, ID 47343",assault,30.396356,-166.989568
2023-12-20,19:52:59,"745 James Harbors Apt. 764
Rachelmouth, RI 32618",burglary,-84.7333315,122.952082
2022-08-30,22:12:26,"PSC 0671, Box 4836
APO AP 25445",vandalism,-62.767675,-144.859852
2023-01-10,17:45:01,"3057 Gomez Cliff
Jeffreychester, SD 85451",theft,-49.9116575,168.138714
2023-10-11,07:01:40,"0143 Diana Rest
Hallfurt, WA 38897",burglary,24.825596,101.613042
2024-04-02,09:01:10,"17646 Elaine Summit Suite 803
Donovanton, CT 36906",vandalism,-21.5919805,-60.891750
2022-05-20,01:07:38,"55675 Linda Wells
West Brandonport, CA 03260",assault,51.191283,82.496573
2023-03-30,11:40:25,"2701 Duke Branch Suite 144
Port Allisonberg, PW 46885",vandalism,-46.3512695,-19.020102
2023-09-20,03:28:35,"2183 Stephanie Prairie Suite 398
Gutierrezfort, OH 80319",theft,-80.053034,-36.278746
2023-04-07,20:25:51,"457 Kevin Island
Joshuachester, MS 89327",theft,27.726417,-138.749836
2024-01-30,03:02:15,"23277 Nicholas Valley
Port Kevinhaven, IL 18427",burglary,-30.647143,-37.488146
2023-05-04,23:12:14,"2832 Thomas View Apt. 518
Danielside, AZ 33178",vandalism,0.5016045,164.079284
2023-12-29,15:20:25,"537 Joshua Forks
Ryantown, AL 84641",theft,-44.1720675,-38.420760
2023-05-15,04:34:53,"14018 Gabriel Walk
South Kimberlyport, AZ 13929",vandalism,-31.8046815,15.945890
2022-11-23,02:53:14,"316 Wagner Dale
Leefurt, SC 60929",vandalism,-70.907763,-19.969097
2022-08-12,04:38:15,"576 Sophia Village
Boydshire, PW 65146",assault,-43.171944,-97.946473
2022-08-09,05:59:27,"5096 Douglas Pine Suite 565
Rojasfurt, AR 48432",burglary,71.464064,-108.837863
2022-12-06,12:42:41,"0308 Tiffany Drive Suite 113
Jessicaview, UT 48588",assault,-85.969930,93.144488
2023-11-29,11:10:22,"35498 Jenkins Highway Apt. 575
Port Jennifershire, PW 41211",vandalism,-42.8917295,-106.071064
2022-11-06,04:23:10,"737 Nelson Fork Apt. 637
East Kimberlytown, IN 59646",assault,55.6833635,26.792179
2023-10-31,06:04:26,"19153 Hernandez Ports Apt. 663
Lake Alicia, OH 94097",vandalism,-55.5980235,94.760369
2023-07-30,08:40:56,"310 Smith Mission
New Lauren, OK 56072",vandalism,-33.634279,112.967783
2023-03-19,13:02:45,"175 Sean Fall
Andreamouth, FM 92506",assault,28.328394,-129.130398
2023-03-31,08:08:11,"541 Nichols Burgs Suite 773
Rangelburgh, FL 26871",theft,76.5075585,-21.324898
2024-01-25,12:19:57,"376 Michael Trafficway Apt. 728
Reyesbury, FL 71958",assault,76.3642115,72.456474
2023-08-20,21:40:51,"352 Fuller Lodge Suite 342
Whiteberg, PA 31063",burglary,34.411552,-122.091160
2022-10-25,13:15:59,"187 Maria Trail Apt. 106
Lake Cynthia, MI 60720",burglary,-87.6698425,25.807085
2023-10-13,21:35:15,"15649 Matthew Expressway
Jessicachester, NY 39495",burglary,-9.348691,79.961929
2023-01-18,17:06:11,"6405 Nicholas Run
East Kaylamouth, MD 33442",vandalism,-3.654554,159.523976
2024-01-20,16:52:11,"94562 Roberts Summit Apt. 177
East Brianfurt, DC 83942",theft,-21.124545,78.884153
2022-11-14,00:35:17,"1507 Zachary Forest Suite 422
Howardland, AS 13764",theft,88.4825495,-81.200339
2024-05-09,11:36:40,"430 Knight Falls Suite 611
South Ericfurt, FM 52288",burglary,-42.7498325,103.138716
2023-11-04,23:56:45,"4506 Brittany Port Apt. 939
New Colleen, MP 99849",vandalism,-61.756224,132.427465
2023-07-21,06:55:34,"987 Ellen Fields Suite 819
Lake Johnstad, FL 89202",theft,4.135196,52.737383
2022-12-26,17:28:50,"143 Mitchell Road Suite 777
Ortegatown, IN 97241",theft,23.256518,87.129535
2023-03-19,22:12:53,"2488 Brown Crescent
Lake Ashleyburgh, PA 21680",assault,-24.532663,-91.706802
2022-06-18,14:12:13,"6109 Becky Coves Apt. 383
North Joseph, AS 94860",theft,-48.231206,55.533743
2023-09-20,06:59:25,"Unit 4441 Box 8614
DPO AE 69674",assault,51.379623,-89.151880
2023-11-18,16:16:36,"47579 Green Parkways Apt. 995
Leberg, NE 28779",assault,77.482301,-93.804140
2022-11-08,22:12:52,"76560 Nicole Spring
Santosberg, CA 58061",burglary,22.5193115,43.048988
2022-10-30,20:15:09,"USNV Green
FPO AP 49803",burglary,-60.8116725,-9.940987
2023-01-23,13:46:38,"976 Craig Mission
Lake Shawn, UT 53916",vandalism,-82.651881,-163.844836
2022-05-19,21:10:13,"4126 John Skyway
Markberg, AZ 31099",vandalism,-73.574554,163.576731
2024-05-16,23:29:39,"614 Rodriguez Roads
Schmidtborough, KS 15769",assault,23.0201325,-23.977389
2023-04-23,09:24:39,"3563 Hayes Fords Apt. 723
Woodland, OR 74504",assault,82.8743525,10.695300
2024-03-10,08:51:53,"97059 Harris Common
New Kenneth, MH 30143",assault,11.136780,3.797600
2024-03-10,02:06:16,"PSC 0902, Box 3593
APO AA 29708",theft,-30.7682475,121.990585
2023-09-15,23:49:37,"5172 Flowers Drive
Amandaborough, IN 03539",vandalism,-44.006310,157.518937
2022-07-12,09:21:54,"239 Alison Hills
New Michael, NV 45490",burglary,-64.003399,-81.330929
2022-09-23,15:07:29,"3124 Julie Parkways Suite 274
Patriciaburgh, WV 27393",theft,-58.562923,127.295730
2023-10-11,05:53:12,"4785 Brandon Manor Apt. 305
Robertport, TX 94935",burglary,8.1089855,-116.611026
2022-08-27,13:08:33,"5345 Small Alley Apt. 877
South Michelle, TN 81196",theft,83.638554,176.049801
2022-11-28,09:41:20,"257 Everett Summit Suite 961
Turnerfort, TX 14628",burglary,-8.8155495,117.373185
2024-01-18,06:30:21,"801 John Loaf Apt. 563
Meganview, MT 26098",assault,85.215385,-74.586043
2023-10-02,01:26:55,"16513 Gary Rue
South Carmen, MN 30027",assault,27.9163745,40.671131
2022-06-02,11:33:01,"189 Jonathon Corner Suite 496
Joanneview, MN 18753",burglary,36.867960,-19.146741
2022-09-24,18:14:38,"22728 Fitzgerald Prairie
Angelhaven, MH 36665",burglary,-87.0476255,25.461269
2023-04-08,10:34:28,"82965 Patrick Highway
South Stephen, NM 29521",burglary,80.619953,-110.002729
2023-11-10,13:26:25,"62530 Garrison Rapid Suite 941
Maryville, WA 90691",theft,26.411796,22.035953
2022-09-21,19:13:59,"5826 Jason Manors Suite 199
Davidbury, VA 45451",vandalism,42.659388,47.091611
2022-06-17,18:32:25,"588 Kim Estate Suite 701
Morrisonview, GA 88194",theft,61.533802,118.092318
2024-01-14,17:39:50,"7071 Robinson Pike Apt. 365
New Teresaport, NE 29536",vandalism,-46.142225,-90.218072
2023-09-09,22:14:58,"2539 Shaw Lane Suite 996
Scottside, KY 82479",theft,-88.858368,-54.302261
2024-01-17,17:33:47,"89290 Jackson Rapid Apt. 675
Kennethview, ND 43966",assault,-55.808949,164.529049
2023-09-26,22:40:55,"7074 Young Crescent Apt. 289
North Arthurberg, AZ 65242",burglary,57.125583,-100.090796
2022-08-25,07:34:27,"6748 Rodriguez Locks Suite 456
Harrisborough, DE 58871",burglary,-25.025241,98.023446
2022-06-12,00:00:54,"2516 Jones Locks Apt. 720
South Allenstad, MI 07979",theft,11.8731405,163.162069
2023-09-29,07:13:35,"PSC 2118, Box 0175
APO AA 06488",assault,-3.242174,63.190845
2022-08-15,22:44:59,"369 Theresa Motorway
Banksmouth, MS 13547",vandalism,69.920358,-17.566554
2022-06-01,19:44:40,"352 Henry Pass Suite 181
Port Amanda, PR 33543",theft,-49.3689785,-127.096883
2023-06-16,20:30:59,"2667 Parsons Greens
Antonioton, AZ 51534",assault,-69.071976,-108.743904
2023-02-28,10:13:30,"16217 Lynn Brook
South Cynthia, AS 65284",assault,30.9733465,-78.442240
2023-10-27,01:26:02,"9073 Thomas Isle
Port Brianashire, RI 22687",theft,-24.861770,120.691790
2023-01-09,12:52:54,"8858 Dodson Summit
Mannmouth, RI 02471",burglary,-54.7532045,49.411912
2023-05-20,06:14:17,"366 Karen Mall
Clarkchester, WY 36653",vandalism,23.2241205,99.055190
2022-05-20,15:51:30,"69435 Hinton Greens
South Jeremy, WY 46065",vandalism,83.0092315,-25.385823
2022-06-04,19:05:11,"041 Hunter Street Apt. 720
Paulborough, FL 03813",assault,-87.3747715,-44.859811
2023-11-27,09:33:03,"702 Morgan Field Suite 559
South Charles, NH 93102",assault,-79.5186165,57.503369
2023-06-23,07:53:35,"5220 Thornton Valleys Suite 590
South Robertport, SC 12163",assault,19.4038385,163.966888
2023-01-21,08:19:35,"2187 Paula Cove
Paulafort, PA 34394",burglary,-75.4274605,161.667167
2023-01-02,09:57:08,"1179 Matthew Alley Apt. 464
Victorchester, NC 15576",assault,-78.112827,116.519522
2024-01-25,01:18:58,"8215 Michael Unions
Riddleberg, MI 92959",theft,-78.0765755,102.620367
2022-12-22,15:17:41,"52541 Lane Ports
New Cheryl, WA 88975",theft,29.224029,-21.790396
2023-11-17,05:10:14,"1693 Brandon Corner Apt. 962
Lake Sarah, VI 27509",assault,21.9367485,33.916123
2023-09-13,17:48:18,"25448 Brandi Village
East Randalltown, DC 67542",theft,6.7160575,93.182626
2022-11-15,20:07:31,"PSC 8287, Box 0680
APO AA 94058",assault,74.3510475,-70.742691
2022-10-13,00:29:41,"65662 Mullins Camp Suite 804
Barryside, PR 09175",vandalism,-81.877270,147.736171
2023-06-06,08:11:23,"7060 Shepherd Unions
Lake Lisa, FM 13277",assault,-42.7519305,149.498445
2023-11-29,02:53:49,"25698 Charles Flats
West Williamhaven, MH 40653",burglary,-32.3559425,-66.082389
2023-05-22,08:04:21,"193 Teresa Expressway Apt. 810
South Manuelville, SD 36226",assault,-20.5491885,144.927739
2024-01-10,05:07:36,"PSC 6023, Box 6544
APO AA 37311",vandalism,45.539299,-102.406593
2024-02-12,12:33:15,"07636 Natalie Shoals Apt. 410
West Tara, AR 08837",burglary,-38.4778415,169.034762
2023-12-03,13:00:59,"242 Walters Locks
North Jenniferborough, WA 51239",burglary,-81.320467,-74.646078
2022-12-31,02:05:46,"657 Carter Valley
Feliciatown, MT 03316",assault,31.4211665,-40.458245
2024-01-20,14:22:18,"66733 Francis Center
Jamestown, AL 28456",burglary,44.542783,126.445354
2022-12-11,09:04:54,"Unit 1602 Box 9620
DPO AE 24157",vandalism,-10.2838455,-49.537244
2023-07-22,14:52:25,"Unit 4568 Box 4821
DPO AP 29923",burglary,36.315470,-144.570784
2023-08-11,16:29:03,"801 Shannon Rest
West Randyfurt, NJ 60333",vandalism,-50.429304,-107.071805
2023-11-02,17:59:33,"880 Wendy Row
Mistyport, FL 11613",vandalism,34.574819,-83.324262
2023-09-24,16:57:09,"432 Calhoun Pines Apt. 220
Priceland, VT 93540",burglary,-79.249268,-172.171154
2022-12-02,11:52:50,"182 Allen Station
Antoniofort, PA 90132",burglary,-12.690704,113.611034
2023-09-01,19:36:42,"55171 Nicholas Ford
Morrisonshire, ND 08114",burglary,9.4322015,167.785074
2022-09-26,16:12:51,"1412 Gross Burg
Brittneymouth, UT 04620",burglary,45.298867,155.894563
2022-11-16,11:48:12,"52551 Maria Road Apt. 070
North Heatherton, HI 34453",vandalism,-13.0200235,-23.617016
2022-09-09,09:24:30,"157 Black Knoll Apt. 325
South Elizabethview, VA 84308",theft,7.4474765,152.166147
2023-06-01,13:11:29,"3041 Dennis Point
Lake Juliehaven, SD 23371",assault,37.2068195,-144.763631
2022-10-10,08:59:43,"83967 Smith Harbor
Williamsstad, VA 43881",assault,-57.8655985,-49.802359
2023-12-14,11:07:25,"48679 Lee Junctions
Sparkshaven, AS 12347",vandalism,-7.2867295,52.986294
2022-05-20,08:51:07,"35297 James Groves
West Michelle, ID 20216",burglary,-57.7695995,153.931450
2023-02-09,17:34:20,"668 Michael Walk
Lake Michealport, SC 07473",theft,6.854916,75.666443
2023-12-27,13:52:54,"964 James Island Suite 715
Angelashire, AK 83752",burglary,0.7215795,-116.608298
2023-03-16,19:41:00,"95389 Davis Trail
North Kelseyfort, KY 81065",assault,20.2057805,103.284459
2023-10-15,02:31:42,"PSC 2970, Box 9198
APO AE 48207",burglary,-79.6550575,-113.485277
2022-05-31,20:53:38,"1062 Tabitha Greens Suite 346
North Robinstad, MO 72284",burglary,-32.196936,-31.560499
2022-10-22,01:18:32,"8561 Kimberly Shoals Apt. 596
New Trevortown, FL 92341",vandalism,24.4061085,9.875107
2023-12-12,02:24:11,"223 Tiffany Corners
Webbton, NC 50711",assault,44.2471505,38.863093
2023-09-07,18:21:38,"3690 Charlene Islands
Melissaside, AR 02382",assault,4.7306285,132.691139
2024-03-18,01:06:55,"0640 Lee Circles Suite 863
Glassberg, PW 80953",assault,-84.486894,111.835002
2024-01-11,17:21:03,"3855 Lee Court Apt. 910
East Danielle, WY 50626",burglary,-51.701745,1.442515
2023-05-16,21:46:27,"72128 Matthew Drive Apt. 988
Paulton, MO 36582",vandalism,-77.8936125,122.156059
2022-08-31,11:55:24,"95997 Jason Extensions
Shaneland, VT 67227",burglary,26.283215,169.744540
2024-02-20,22:03:52,"487 Smith Fall
North Seanburgh, MA 06346",burglary,22.7088475,65.189610
2022-07-18,17:38:34,"2402 Troy Terrace
Sonyastad, WI 92551",theft,82.5722315,-119.886802
2024-04-20,14:12:51,"269 Samuel Knoll
Potterport, WI 32380",burglary,51.7113995,-127.183301
2023-08-13,08:03:36,"824 Burns Plaza
Christopherview, DC 02904",theft,0.1529795,128.012527
2023-01-09,00:25:06,"9299 Deborah Knoll Suite 425
Smithshire, TX 44738",burglary,-56.932686,-167.936906
2022-06-12,01:40:02,"Unit 0365 Box 1374
DPO AE 41967",burglary,64.281246,-51.162442
2022-11-28,01:03:30,"61819 David Brooks
Reyesstad, VI 60257",theft,-22.795541,155.823322
2024-01-23,02:53:19,"960 Jonathan Locks
Craigfurt, NM 53361",burglary,-2.031803,56.996698
2023-05-23,08:31:21,"5686 Carroll Forest Apt. 700
East Elijahshire, WI 84574",burglary,-16.849714,-6.869623
2022-06-30,13:30:00,"8875 Ryan Place
Lake Sarahton, WY 97118",burglary,34.597982,4.526342
2023-12-18,05:42:15,"Unit 8701 Box 6651
DPO AA 74996",vandalism,-37.4690775,153.745919
2024-04-25,10:52:46,"171 Fuller Burg
Lake Jessicabury, MD 07981",assault,-23.889854,-57.138886
2022-07-18,14:15:15,"853 Aaron Well
New Willieland, NM 30004",burglary,21.6765335,-28.941792
2023-11-09,14:30:36,"28495 Richardson Centers Suite 624
Hughesside, ID 99413",vandalism,-34.932394,-46.011780
2024-03-26,06:25:25,"USCGC Jones
FPO AP 15701",vandalism,-30.0560725,166.031667
2023-10-23,17:05:55,"96847 Arellano Lane Suite 187
Jacobsside, CO 45973",burglary,-64.6521575,163.074291
2023-08-07,18:51:05,"USCGC Guzman
FPO AE 35846",assault,-61.4162635,-61.804735
2022-09-08,01:22:56,"272 Daniel Tunnel
Jamesport, LA 86229",theft,-84.948343,142.612219
2023-04-17,19:48:56,"702 David Forest
Kimland, WA 94246",burglary,31.546512,-176.840437
2022-08-10,08:20:19,"3265 Edwards Vista Suite 575
North Claudialand, CO 92081",burglary,61.3204465,22.494059
2022-05-19,02:48:34,"6279 Monica Vista
South Gail, ID 37929",assault,-0.1787115,-26.909940
2023-05-14,13:01:52,"7774 Lopez Falls
East Raymondberg, VI 01320",burglary,88.5760125,-47.682502
2023-01-22,09:47:15,"3014 Mark Ranch Suite 920
Reneeberg, KS 46654",assault,30.476920,-147.616788
2022-07-11,12:44:33,"59211 Maddox Mews
Greenburgh, KY 38757",theft,85.8859575,-46.028716
2022-07-02,13:05:06,"91321 Joseph Viaduct Suite 202
Myershaven, WV 58352",assault,15.421574,86.193790
2022-07-27,16:48:45,"55167 Edwin Lakes
Chanmouth, KS 78743",burglary,11.5475345,-94.891264
2023-04-13,03:19:16,"9910 Lambert Street Apt. 440
Port Susanstad, CO 41224",burglary,-63.7052445,-149.478015
2023-01-29,11:30:40,"5284 Tanya Ramp
Lake Markville, MD 66105",vandalism,34.1631775,35.922936
2023-01-22,18:55:09,"402 Morgan Plain
West Heatherport, PW 74098",vandalism,-23.878278,109.236826
2023-02-24,15:37:03,"9839 Brown Ways Suite 763
North Joyce, MN 34539",vandalism,50.915032,168.808692
2024-02-08,20:34:45,"88672 Derrick Parks Apt. 829
Lake Christopherchester, NV 80410",theft,-2.2964635,126.726771
2023-07-04,00:52:05,"5940 Spencer Canyon Suite 406
West Robertville, VA 27243",theft,0.573830,161.425437
2023-12-14,04:36:48,"895 Brown Ridge
North Michaelstad, HI 09973",burglary,-16.9224565,-20.408462
2022-11-03,00:11:05,"63301 Holland Groves Suite 595
Simpsonchester, DE 92554",vandalism,-31.1783915,-141.761195
2023-06-14,02:40:09,"4969 Darlene Shoals
Murphyfurt, TN 89965",vandalism,71.2166525,-167.176218
2024-04-22,19:11:41,"2683 Brian Grove
Brandiberg, PW 95023",burglary,71.5478225,-1.061019
2023-11-27,17:08:32,"176 Penny Harbor
New Brianville, MP 22578",vandalism,6.217404,110.889101
2022-06-29,22:41:47,"978 Walter Union Suite 664
Cabrerafort, AL 48047",burglary,-25.280370,84.851884
2023-07-18,07:21:16,"0372 Crystal Loop
Davismouth, NV 57661",theft,-47.319675,-30.351976
2023-10-25,14:56:15,"Unit 7716 Box 4990
DPO AA 84822",burglary,-28.913504,-127.173230
2023-06-12,23:12:29,"808 John Centers
Chenborough, WI 99787",burglary,-10.2088645,159.758929
2022-11-23,07:07:21,"401 Hartman Ports Suite 164
Johnsonton, ME 66742",assault,-54.7972045,-43.505791
2023-12-12,21:24:01,"4992 Paul Passage
Annettehaven, VA 03621",theft,-34.1917985,105.126352
2022-08-05,14:48:10,"Unit 5225 Box 6218
DPO AP 88755",vandalism,-51.769664,-115.230372
2024-01-28,04:01:57,"51273 Kyle Rest
Tiffanyland, GA 14507",burglary,23.6461765,-51.482855
2023-04-29,04:49:59,"6079 Lawrence Island
Bethanyside, OR 70114",burglary,-67.206452,86.596963
2022-07-02,14:20:44,"163 Sellers Port
New Gary, MH 71126",theft,12.8596785,102.932630
2022-07-14,18:45:45,"5659 Jackson Ways
New Alexis, KY 08723",vandalism,82.5205785,-69.464190
2022-06-29,03:42:30,"12687 Kevin Ramp
Rogersberg, UT 61566",theft,-19.3481565,-29.218786
2022-06-23,16:04:50,"858 Brian Gardens Suite 366
South Alecland, OH 87199",theft,-18.1062295,-130.233709
2022-06-05,06:25:40,"81804 Jones Corner
South Paul, AR 43753",vandalism,-47.0104395,146.985865
2023-11-08,08:29:42,"226 Campbell Squares Apt. 913
New Heather, LA 59171",theft,-88.691282,38.204077
2022-10-10,17:34:24,"185 Walter Fall
Brittanyborough, WI 09281",burglary,-37.699762,-124.490916
2024-01-28,13:58:48,"738 Patricia Center
Lake Ray, NC 42545",theft,-54.383222,133.392868
2022-11-11,09:51:57,"3270 Baker Ways Apt. 004
Smithport, TX 66958",theft,35.380666,90.568465
2023-04-18,00:53:03,"471 Sarah Place Suite 799
North Joshuamouth, IA 79938",vandalism,-57.854509,-7.312888
2024-04-08,10:19:44,"750 Clark Passage
Melanieside, NC 61959",theft,60.341291,169.965050
2024-01-08,09:24:07,"8772 Richardson Burgs
Port Douglasburgh, KY 49828",burglary,11.289864,-93.962333
2022-09-20,12:59:01,"5200 Patel Ports Suite 759
North Erin, TN 22040",burglary,-17.538440,92.835647
2023-03-25,22:25:54,"77652 Chelsea Garden Suite 014
North Georgeburgh, NE 86421",theft,-66.698103,-150.270467
2022-06-12,11:49:57,"526 Cody Ramp
Thomasside, PA 37320",assault,69.251170,-178.768131
2022-12-22,12:09:57,"10796 Zhang Valleys Suite 333
North Kellyshire, FL 85937",burglary,-45.8965625,58.373664
2024-02-19,17:53:48,"2649 Reyes Oval
Danaborough, WA 95677",vandalism,-30.5610665,-167.902428
2022-08-17,10:00:12,"4369 Gregory Lodge Apt. 601
Port Sydneyside, VA 93608",theft,28.972117,173.342372
2023-08-16,17:09:36,"9498 Quinn Terrace
North Crystalland, PW 82727",burglary,34.9007225,89.457961
2023-10-03,01:05:46,"212 Justin Port Suite 400
North Amber, NE 48622",theft,-69.0523005,24.076803
2023-10-09,18:15:23,"0908 Raymond Vista
Lake Kristin, VI 87410",theft,-31.0274745,78.258221
2024-02-14,13:10:07,"74722 Daniel Pike
New Jessica, NC 69325",theft,-2.917749,12.560797
2023-11-21,00:55:19,"5919 Green Way Apt. 022
Lake Nicholas, CT 48830",burglary,54.724147,137.938916
2024-05-07,15:00:08,"65813 Donovan Crest Apt. 659
West Frankview, PA 53500",burglary,73.827518,-89.300626
2022-11-29,09:06:37,"070 Riddle Estates Suite 299
Sandrahaven, VT 80884",theft,-5.099023,2.839666
2024-03-30,02:03:36,"096 James Keys Apt. 468
Rebeccahaven, ND 52796",assault,6.2215715,8.665625
2022-06-07,08:47:18,"4338 Emily Valley Apt. 566
Johnsonside, ID 78905",theft,-58.961779,5.467173
2023-10-01,07:25:28,"36438 Katie Canyon Suite 846
Port Sean, PR 37828",assault,86.5851945,-33.202046
2023-06-30,10:34:25,"141 Garcia Port
Lake Zachary, AL 53875",theft,7.941459,-80.233378
2022-07-23,23:05:35,"03251 Marissa Field Apt. 293
North Allisontown, AL 62447",vandalism,-42.9548755,-19.564661
2023-02-21,15:07:27,"87166 Karen Via
Madisonshire, FL 48129",burglary,38.2499895,48.117271
2023-09-09,03:55:33,"21775 Cheryl Parkways
Port Billyfurt, WV 85967",vandalism,-30.761617,-70.563159
2023-11-13,05:25:14,"09801 Matthews Avenue
Gilbertbury, PW 72039",burglary,24.4807545,42.444147
2023-01-17,08:41:48,"278 Miller Neck
Myersville, NC 04146",assault,-87.0196435,67.770838
2023-10-26,06:34:57,"699 Sophia Coves Apt. 108
Stouthaven, FL 66711",theft,74.6218535,-126.588587
2023-04-24,03:01:59,"5398 Keith Pass Apt. 519
South Haley, WV 28403",theft,75.7669365,61.954379
2022-11-02,00:11:18,"03409 Phillips Glen Suite 829
Butlerfurt, MS 09228",theft,42.954979,-101.466871
2022-06-11,04:06:19,"0904 Brandi Corner
West Patriciaborough, PA 40997",theft,83.9609775,148.692562
2022-09-10,20:35:40,"USNS Mullen
FPO AP 45560",vandalism,29.6473495,-119.852737
2022-12-20,13:37:36,"4058 Carrie Falls Suite 007
Port Timothy, LA 98681",vandalism,-13.0960745,25.374941
2023-06-09,20:52:16,"93423 Lori Drive
New Danielle, PW 99868",assault,37.121695,85.898077
2024-04-18,21:34:21,"Unit 4454 Box 1149
DPO AA 84745",vandalism,73.494547,68.079087
2023-02-18,01:25:06,"347 Kathy Mill Suite 317
Katherinestad, KS 23829",vandalism,-75.4313815,83.774338
2024-03-23,17:26:22,"6666 Richard Skyway Apt. 141
Thomasfurt, SD 50046",burglary,-62.249944,-67.933717
2023-09-16,23:46:52,"177 Lyons Shoal
Port Mitchelltown, HI 96122",assault,85.3406955,20.419111
2023-06-20,09:29:32,"12445 Hernandez Spring Apt. 303
Lake Juliaberg, MN 06471",burglary,-0.2280985,25.497338
2023-12-18,09:01:04,"684 Green Estate Apt. 868
Laurenport, ME 60749",assault,-33.070486,4.971477
2022-07-20,22:38:12,"52295 Cook Brooks
New Brandonville, AR 42657",theft,-40.699382,95.585214
2022-11-03,13:27:31,"USNS Reid
FPO AE 14439",vandalism,42.6071925,-50.632667
2022-10-02,17:12:40,"53479 Cody Locks Suite 857
Lake Deborah, KY 80096",burglary,52.512525,-115.419868
2022-05-21,03:31:27,"12606 Eric Freeway
Timothyport, PA 31501",vandalism,50.5350525,56.211694
2023-02-26,10:29:09,"46849 Mark Fall Suite 356
Michaelaport, WY 28493",assault,-72.5247085,-44.277899
2022-06-09,22:48:09,"Unit 2644 Box 9857
DPO AP 22488",assault,-15.3097395,19.023626
2023-10-08,04:13:26,"093 Rollins Plains Suite 792
Dianamouth, ME 23965",theft,31.4837795,-74.701324
2024-02-17,21:19:08,"4909 Reed Terrace Apt. 100
South Michele, WA 29192",assault,-57.9945045,-173.209674
2022-12-08,09:04:01,"753 Jamie Meadows
Garrettborough, MN 81125",burglary,69.778131,-74.690474
2024-04-17,13:41:16,"389 Robin Forge Apt. 471
Port Stephanie, FL 47141",burglary,-21.4315335,-148.996362
2023-06-02,14:36:27,"USNS Taylor
FPO AA 16800",burglary,12.0303825,-133.000892
2022-09-22,00:15:35,"451 Hall Prairie Apt. 785
Lake Melissa, VT 46141",vandalism,81.885661,-87.816685
2023-03-16,09:13:36,"1980 Dale Flat
South Markhaven, SC 72505",vandalism,74.0678865,65.270114
2022-12-21,02:46:13,"13459 Lindsey Turnpike Apt. 851
Port Tina, OK 58717",assault,-46.107808,-132.561418
2023-12-20,16:54:36,"4920 Hawkins Ports
South Mark, PR 68812",vandalism,81.406513,101.607534
2024-04-01,15:56:28,"683 Jaime Avenue
Lake Jenniferburgh, IN 27319",assault,59.9414085,-104.868385
2022-07-04,13:04:21,"47004 Shannon Mountain Apt. 360
Bryanmouth, MT 04464",assault,-20.986864,1.852502
2023-09-18,00:30:15,"1951 Harold Meadows Suite 892
Jenniferside, DC 99851",vandalism,47.845635,-34.139534
2022-10-26,18:42:09,"23118 Stephen Spurs Suite 499
West Elizabethmouth, SD 00678",vandalism,-70.581596,85.434358
2023-02-09,16:47:00,"8009 Medina Mill
New Kristenberg, SC 50184",assault,-76.5225645,-127.540344
2024-04-21,22:21:03,"66033 Elizabeth Common Apt. 738
Russelltown, CT 52958",assault,-75.551385,70.208805
2022-07-07,01:19:01,"7273 Nicholas Track
Kristinaport, UT 10527",theft,-65.231627,-67.884914
2023-03-23,00:47:37,"02292 Barbara Summit Suite 335
Lake Dakota, MH 83157",assault,-13.664661,4.282825
2023-05-11,14:57:41,"269 Robert Way
New Lisa, NH 89302",vandalism,25.6415225,6.886050
2023-11-14,16:44:47,"PSC 1160, Box 7939
APO AP 76227",assault,-26.986076,-49.632405
2023-01-14,12:19:17,"4748 Cole Corner Apt. 925
Daltonfurt, ID 51841",theft,60.401123,66.377436
2022-07-09,15:44:07,"150 Donald Mall
East Joseph, PA 82665",vandalism,-25.402517,48.381366
2022-10-07,09:30:19,"145 Sean Mountains Suite 597
Larryfort, MP 10164",burglary,-82.5101075,70.658299
2022-11-28,23:23:26,"123 Coleman Locks
West Carl, TN 95337",assault,-31.1593585,175.797043
2022-09-10,02:46:39,"5509 Perez Stream
East Jaredfort, PR 67896",vandalism,-19.764196,-63.943274
2023-06-01,23:37:32,"73925 Richard Station
South Williamton, IA 15503",vandalism,-11.4652055,137.562375
2023-03-10,01:15:58,"7113 Meza Walks Suite 271
East Natalie, VI 86324",vandalism,48.4029635,14.373151
2022-07-08,23:32:17,"72103 Jackson Ways Apt. 615
Teresaport, OK 20409",vandalism,-16.381164,-101.843648
2023-07-30,23:42:12,"62665 Anthony Bypass
Baileyberg, DC 75197",theft,4.405030,-41.128322
2023-07-20,07:23:12,"984 Samantha Groves Apt. 819
New Juliebury, FM 31596",theft,-20.046379,-33.189208
2022-08-15,15:00:01,"4579 Gregory Glens
Williamland, NC 16361",assault,9.8548895,46.128247
2022-11-29,22:57:33,"Unit 4692 Box 9558
DPO AA 21159",burglary,-28.078166,-4.478159
2023-09-09,23:48:37,"34896 Connie Islands
Andrewmouth, IA 59276",burglary,-15.645887,99.746502
2023-02-13,16:57:14,"81129 Mendoza Spur Suite 816
West Kim, KS 52541",theft,82.531600,-107.152711
2023-08-29,05:43:34,"USNS Palmer
FPO AP 37111",burglary,-57.995648,172.172399
2023-02-06,22:13:08,"653 Nathan Valley
North Amy, IA 11630",burglary,50.2272575,-25.687216
2024-02-05,06:03:49,"51515 Felicia Tunnel
Millerland, ND 65505",burglary,-50.031837,27.907876
2024-01-09,01:27:44,"390 Gonzales Green
Port Karen, KY 60855",assault,-73.733255,107.605582
2023-10-09,18:40:12,"9848 Perez Run
West Andrew, ND 19700",vandalism,15.382705,-112.580980
2024-04-07,03:58:32,"769 Kathleen Haven Apt. 714
New Kathyshire, MO 81162",burglary,-57.6596195,-33.936670
2023-05-31,15:17:51,"314 Jeremy Village Apt. 076
East Francisco, HI 02521",burglary,-41.8106645,-100.602844
2022-09-20,17:21:23,"8586 Paul Prairie Apt. 344
New Billyshire, ME 21878",assault,-48.540256,3.869508
2023-06-29,22:52:19,"65350 Wright Summit
East Kimborough, FM 76226",assault,8.7754115,118.360260
2023-12-15,08:59:11,"23404 Joshua Spring
Castromouth, MP 02594",vandalism,36.8074425,-177.533558
2022-09-08,02:14:54,"624 Anthony River
Port Laurafort, DE 06598",burglary,-72.439697,172.989112
2022-08-21,15:28:52,"96586 Melissa Roads
Port Jamesville, VI 26242",burglary,-28.820182,-158.198123
2023-08-03,04:14:46,"8231 Cooley Burgs
Travisside, AK 20746",theft,44.013382,-152.235501
2023-02-04,09:06:44,"38402 Bolton Throughway Apt. 521
Huffmanburgh, MS 70323",vandalism,76.212747,31.109003
2022-11-18,19:06:53,"30064 Lee Street
North Donald, SC 46254",burglary,38.950577,-47.183759
2023-12-10,02:46:00,"0084 Maria Forges Suite 255
Mariaborough, MO 62821",theft,-29.6944675,-5.590354
2022-12-21,11:59:53,"40531 Raymond Stream Suite 799
Gibsonstad, MT 71658",vandalism,-5.5577065,-110.810045
2023-07-04,09:11:37,"36031 Tina Cape Suite 482
Dorisport, MA 30509",assault,79.5105965,-23.632489
2023-04-07,21:44:54,"9332 Peters Stream
Matthewborough, PW 25804",vandalism,11.0825475,65.089040
2023-03-10,21:24:18,"55974 Hawkins Pine
Aliciaborough, MH 71857",vandalism,-80.109088,145.027348
2022-10-26,20:30:44,"224 Michael Spur Apt. 957
Deckertown, FL 64340",theft,-23.952028,156.830613
2024-04-17,10:07:13,"646 Brittany Villages
West Mariafort, WV 69579",theft,0.0362835,-89.311568
2023-05-04,12:50:01,"27299 Christopher Center
Aguirretown, KY 45383",assault,73.455311,-50.742629
2022-06-09,13:31:30,"49793 Wolfe Spring Suite 620
Port Richardside, CT 97028",burglary,79.856335,2.005253
2023-12-13,11:50:06,"4678 Hurst Stravenue
Hayesberg, LA 03887",theft,26.434666,89.853793
2022-10-01,07:05:50,"875 Keller Harbor Apt. 488
Port Jamesside, IA 14678",theft,-43.7230285,72.480329
2023-07-07,01:09:11,"124 Kramer Flat Apt. 908
Johnside, SC 83910",vandalism,-69.1474445,-34.439946
2022-11-02,14:29:32,"Unit 8615 Box 2413
DPO AP 29405",burglary,2.555967,-120.648172
2023-09-06,07:45:37,"2544 Ryan Station
Andersonburgh, DC 09745",burglary,-80.339883,175.732049
2022-08-04,17:37:28,"19960 Manning Garden
Gonzaleschester, VI 18372",theft,70.6425235,-26.603571
2022-06-29,20:47:54,"716 Rivers Island
Georgebury, MD 67241",vandalism,-4.530300,170.196617
2022-07-25,20:26:48,"66652 Davis Glen
Stevenstad, IA 80108",vandalism,-0.7857225,-133.414710
2022-09-18,07:24:15,"09858 Donna Avenue
New Johnchester, IL 62427",vandalism,-84.3638775,-48.541224
2023-05-29,07:02:00,"7230 Boyer Centers
North Christina, AS 89577",theft,-11.6041855,-168.492633
2022-06-02,15:02:15,"31423 Craig Summit
Port Connie, MS 84587",assault,-44.382571,-124.560292
2022-08-03,20:23:46,"84520 Ashley Mill Suite 743
Port Jessicaton, WV 57796",vandalism,28.5612805,-71.239141
2023-10-03,23:14:39,"4805 Garza Shoal Apt. 436
Lake Joy, MI 91213",theft,-75.295773,-97.871778
2023-05-26,23:21:23,"66433 Katherine Underpass
Danielville, CA 23612",vandalism,-65.707817,149.592915
2022-08-04,10:25:25,"USS Jackson
FPO AA 55628",burglary,75.7492475,4.780172
2023-11-16,03:54:17,"549 Moss Mews Apt. 664
Garyport, ND 98847",theft,-4.845281,94.522730
2023-03-22,19:21:38,"USNS Nelson
FPO AP 80865",burglary,6.7602525,112.238044
2023-08-04,01:22:05,"4076 Mitchell Court Apt. 093
North Patricia, KS 51620",vandalism,30.7980515,150.696025
2022-06-08,09:11:27,"813 Deanna Underpass Suite 073
South Michael, VT 22045",vandalism,26.8906445,-127.486669
2023-07-08,14:10:44,"7563 Phillip Unions
Port Sydneyview, PR 76738",vandalism,-48.423029,64.252287
2023-11-17,16:33:03,"5502 Baker Extension Suite 827
Lake Brandy, PA 84227",theft,-41.5923035,39.176012
2024-03-14,12:33:06,"9049 Courtney Centers Suite 470
Stephenmouth, MI 59927",theft,49.846845,-30.359319
2023-02-22,22:24:03,"293 Mclaughlin Junctions Suite 092
Beverlyfurt, OH 87555",assault,87.9477915,-61.384387
2022-08-16,13:22:10,"474 Tristan Point Suite 477
Williammouth, WI 31752",theft,-61.390959,46.662972
2023-02-17,02:45:12,"660 Dillon Stream
West Tracychester, WI 12718",assault,-41.4625855,154.443953
2023-03-04,14:09:05,"853 Latoya Roads
East Lynntown, VT 79093",burglary,-71.188679,138.250509
2024-01-31,11:23:41,"900 Daniel Ramp
Laurenshire, NY 14684",theft,-73.5148895,11.925015
2022-06-23,09:43:59,"556 Edward Locks Apt. 829
North Jenniferfort, UT 83572",assault,-38.3468125,-39.502945
2023-10-23,21:47:52,"23555 David Manor
Troyside, ME 22042",vandalism,-35.5488745,141.568811
2024-01-05,13:04:10,"47839 Foster Island Apt. 636
Jacquelinefurt, CT 15794",burglary,86.026921,-52.598692
2023-10-24,19:25:17,"563 Vazquez Branch Suite 487
East Diane, UT 90514",vandalism,-13.743036,-0.031262
2023-01-07,16:31:14,"1823 Rosales Crest
East Pamelatown, NH 64694",theft,69.7339525,139.511641
2024-03-15,18:24:56,"USNV Caldwell
FPO AP 12199",assault,-13.974162,39.882721
2022-09-15,16:47:07,"3786 Murray Mall Suite 434
Jodihaven, VA 50159",burglary,-33.9488635,41.339468
2023-01-17,12:47:22,"8037 Bullock Hollow
South Jasmine, SC 40639",assault,11.5379615,14.620746
2023-07-11,03:17:31,"5237 Buck Circles
Tiffanyfurt, KS 18598",theft,-40.1147545,-103.628231
2023-08-01,00:07:04,"33454 West Lakes
Darrylshire, SD 62856",vandalism,49.238595,-175.635046
2023-04-18,12:39:38,"5854 Bailey Path Suite 297
Chanfort, AZ 28276",theft,23.716515,145.588986
2023-03-24,10:37:48,"PSC 3033, Box 8861
APO AE 22132",theft,-70.5920045,-2.968447
2023-07-14,15:21:26,"789 Gonzalez River
Lake Davidland, NV 97475",assault,-55.038007,154.791315
2022-12-11,08:45:35,"USNS Newman
FPO AE 75364",assault,-69.3787055,116.278313
2022-07-06,03:31:29,"15939 Fields Ferry
South Martinland, IA 09392",burglary,-42.670761,150.163830
2023-03-26,10:36:16,"49010 Hawkins Forge Suite 513
North Kenneth, PW 49255",vandalism,-55.1363095,-108.196856
2022-10-04,20:44:47,"731 Cynthia Landing Suite 778
North Tiffany, ND 85204",burglary,80.346526,-36.110081
2024-04-18,07:50:09,"1770 Cross Fall
New Sarah, NY 40513",assault,-84.667234,-84.896834
2022-09-12,14:07:31,"863 Jessica Walks
Wattsburgh, SC 79812",assault,48.4311355,-137.225032
2023-02-22,21:48:15,"PSC 9390, Box 0181
APO AP 87792",theft,-18.8632285,177.889337
2023-01-06,16:34:21,"PSC 4686, Box 8888
APO AE 13561",assault,40.030499,-162.519121
2024-04-13,01:44:33,"6302 Robin Knolls Apt. 956
Lake Ritaberg, FL 01318",burglary,75.6984625,-179.473153
2023-12-30,02:26:55,"072 Nelson Rue
Sherylchester, MT 15529",burglary,-22.760445,-41.910348
2023-01-13,22:25:52,"989 Karen Groves Suite 393
Michealland, WV 33306",vandalism,-84.411566,18.229364
2024-04-30,15:20:00,"0444 Deborah Estates
Buchanantown, WA 64553",burglary,82.434276,-32.763162
2023-09-14,20:09:47,"46377 Newman Mews Suite 433
Michealview, PR 94042",vandalism,-27.478659,130.213285
2024-05-12,01:10:54,"USNV Rivers
FPO AP 52069",assault,-80.373748,75.330616
2023-10-25,08:23:08,"847 Kenneth Unions Apt. 289
Port Kimberlyland, NV 92152",assault,77.118678,-101.660538
2022-10-24,19:20:27,"7745 Monroe Glens
Port Allison, DE 56367",theft,16.5609755,3.359099
2024-04-27,18:47:00,"460 Robert Fields Apt. 672
East Benjaminview, AZ 37260",vandalism,60.466940,157.336765
2023-05-29,20:09:46,"5780 Gomez Skyway Suite 583
Cherylmouth, KS 44532",burglary,-60.2407205,-52.250539
2023-09-15,01:40:29,"3586 Ray Stream
Tylerborough, VT 99688",theft,-76.4066645,-50.067862
2024-01-10,14:34:47,"68545 Tapia Ridges Suite 370
Duarteville, NM 62448",assault,70.0651505,106.956333
2022-05-20,19:10:04,"Unit 2976 Box 5709
DPO AP 26815",assault,34.661093,80.897054
2023-11-02,05:43:44,"4437 Jamie Points Suite 234
Port Johnton, IL 67141",burglary,-42.5462115,150.579947
2022-08-07,15:21:36,"Unit 0164 Box 4429
DPO AP 47689",assault,7.5729135,96.738539
2024-03-17,13:38:25,"39350 Conrad Ranch
Port Cheryl, PW 92783",theft,-84.184778,76.559171
2022-09-17,15:06:24,"93308 Amanda Meadow Apt. 745
Crystalfurt, GU 62734",theft,34.1274835,142.195228
2024-04-22,14:51:44,"311 Roy Extensions Suite 660
Loganmouth, VT 45162",assault,-58.5995415,84.354873
2022-06-10,04:22:21,"Unit 0573 Box 7911
DPO AE 06992",theft,24.746287,-133.297948
2022-08-03,06:06:36,"26569 Joshua Plains Suite 254
North Cody, MA 28125",theft,64.4925865,33.969763
2024-04-05,04:39:31,"5945 West Courts Apt. 083
Port Charles, WV 86619",burglary,70.8435155,66.997095
2023-10-29,05:30:01,"77305 Maria Estate Suite 374
Gonzalezfurt, KY 56868",assault,21.468786,-121.013521
2024-04-15,19:52:39,"393 Hernandez Keys Apt. 730
Christopherfurt, CT 16352",theft,23.366139,119.837167
2022-08-15,04:56:47,"555 Bonnie Crossroad Apt. 998
Henryshire, NY 12657",vandalism,1.7844915,-16.437647
2024-02-23,22:06:30,"69644 Pamela Mountain Apt. 790
New Dustin, AL 99231",theft,-0.773086,52.599071
2023-04-08,04:42:06,"64496 Yesenia Ports Suite 740
East Kyle, MA 56402",theft,-61.239240,44.723081
2024-03-18,22:00:26,"3645 Jennifer Garden
East Ericaview, GA 08772",assault,-22.7091195,-133.858198
2023-03-13,08:28:10,"25670 Alan Spur Suite 849
Stephenberg, NH 10296",theft,-78.3097195,59.143810
2022-06-12,14:57:15,"13782 Hernandez Via Apt. 877
Jennifermouth, HI 83701",assault,-32.6993325,-37.315796
2023-05-23,16:50:47,"87078 Ryan Point
Santosshire, MT 85871",vandalism,77.549542,101.562284
2023-12-25,14:14:16,"Unit 8824 Box 0000
DPO AE 22125",assault,-41.821622,-89.566013
2023-12-18,23:48:08,"77879 Suzanne Mill Apt. 910
Port Jonathanborough, IN 88139",assault,-65.072820,-127.052076
2022-05-26,21:35:50,"338 Johnston Isle
Millermouth, WV 88909",assault,-39.9344665,-146.847783
2023-11-27,06:56:43,"7456 Smith Village Suite 372
Cookport, PR 70610",assault,-59.5895715,6.350385
2023-07-27,03:15:05,"24465 Michael Ville Suite 394
Tracytown, NC 46636",theft,-32.1192285,19.150853
2023-09-08,19:40:52,"371 Henry View Apt. 868
Marissashire, MI 70410",theft,-45.089572,111.668144
2024-02-06,21:00:23,"064 Stephanie Extensions Suite 442
Russellfort, MS 61346",theft,-16.818431,130.751635
2023-07-14,21:45:52,"00506 Bernard Isle Suite 315
South Rebeccaberg, WV 85411",burglary,-3.1474105,-17.004358
2023-03-20,06:55:16,"213 Miles Branch Suite 179
North Melanie, AK 28767",vandalism,89.842291,49.824076
2023-07-21,02:40:50,"0590 Amber Brook Suite 849
Martinezfort, AZ 82117",burglary,29.3171025,89.408087
2023-03-14,22:05:11,"Unit 0419 Box 7936
DPO AA 45810",theft,-12.679908,129.512420
2024-01-21,04:20:16,"2997 Katherine Lodge Suite 824
Cherylland, OH 29227",vandalism,-58.1351475,-172.372472
2024-05-16,20:02:11,"518 Rickey Plaza Suite 788
Lake Robertstad, NC 73276",assault,33.6161705,-58.512797
2023-12-02,00:34:28,"Unit 0117 Box 1166
DPO AE 83722",vandalism,-16.8408435,100.949613
2022-10-28,01:10:34,"65904 Murphy Roads Apt. 977
Lake Nicholasfurt, FM 20813",theft,5.3272295,-14.921441
2022-07-08,22:09:56,"45385 Ellison Streets
North Michael, IL 33209",vandalism,-57.559508,74.320020
2023-12-28,04:58:11,"97874 Nguyen Springs Suite 189
Kellyport, MI 40872",assault,49.906676,98.825912
2023-03-24,15:08:40,"Unit 6931 Box 0302
DPO AP 62990",theft,-11.643927,-121.012908
2023-01-01,10:26:46,"076 Lee Crescent
Steventon, MO 57707",vandalism,82.5484065,168.041120
2022-11-06,00:14:34,"51358 French Lodge
Lake Aprilfort, GU 63575",burglary,30.621131,0.423767
2024-01-10,00:42:17,"713 West Orchard Suite 980
West Tammybury, OH 88389",burglary,76.5312505,-99.380760
2023-04-16,11:26:21,"8726 Christopher Ford
Hortonburgh, NH 80005",vandalism,11.7831405,-73.919717
2022-05-23,18:01:56,"649 Murphy Via Apt. 718
New Anthonyton, NV 36363",theft,-54.4784645,93.688323
2023-07-26,19:53:07,"79803 King Club
Darleneside, AS 55214",assault,-53.6267675,-31.742827
2023-08-08,20:30:59,"33380 Jessica Grove
North Lucasport, LA 04343",vandalism,-51.807677,14.368074
2024-01-02,01:34:50,"856 Estrada Alley Suite 010
Sherryton, OR 51264",burglary,53.4927705,168.976101
2024-01-18,13:18:30,"2822 Wayne Lights Suite 128
East James, NE 65954",burglary,63.5010515,4.033329
2022-08-26,07:47:14,"86418 Barrett Valley
New Marthahaven, MH 58346",assault,5.2730125,-18.052820
2023-05-30,02:14:19,"983 Bartlett Dam Apt. 860
North Rodney, UT 57722",burglary,30.647535,21.176541
2022-08-26,08:28:26,"400 Nichols Passage
Timothyland, OK 15231",assault,-84.5762955,-159.625831
2022-05-31,20:21:40,"449 Deborah Plaza
New Jamesville, PR 26960",burglary,25.123337,-56.358667
2023-12-17,23:46:04,"48082 Hicks Course Apt. 031
Brianbury, MT 01407",vandalism,-20.7960515,75.349585
2022-12-23,06:37:31,"65257 Kerry Alley
Catherineborough, RI 51890",assault,17.6513875,-64.017338
2023-01-05,14:39:31,"4759 King Field Apt. 604
West Sergiostad, VA 43354",vandalism,-48.740988,-108.758594
2022-11-20,11:33:41,"Unit 9565 Box 1514
DPO AE 91696",burglary,-42.8536185,173.244645
2022-05-28,20:26:28,"02907 Matthew Hollow
New David, KS 16637",assault,42.665116,-4.895980
2023-02-10,20:48:04,"4681 James Views
Hunterchester, GU 32929",burglary,-42.965148,114.624507
2024-03-16,19:56:34,"43387 David Islands
Jamesfort, IL 63587",burglary,-41.352033,-52.179634
2024-01-29,12:35:30,"46796 Clarke Dam
Port Maryside, NV 97631",burglary,-0.123302,-115.412884
2022-11-20,20:07:27,"595 Velazquez Valleys Apt. 925
South Reginashire, DE 70315",theft,-10.544745,-46.839301
2022-08-13,22:09:58,"84440 Sarah Views
Gonzalezchester, KY 58322",theft,0.215488,-129.756574
2023-05-18,13:22:34,"581 Burns Isle
Mcdanielville, UT 85775",burglary,-67.562593,-166.838294
2023-06-22,13:25:21,"697 Peter Extensions Suite 124
Maryhaven, PA 95684",burglary,-36.2022345,-90.192249
2024-03-21,05:19:00,"9870 Elizabeth Flat Apt. 372
Christopherchester, LA 25171",assault,54.710134,143.543089
2023-12-02,22:06:25,"1533 Baker Bypass Suite 266
West Tammyton, KY 71956",assault,32.617409,109.610450
2023-03-20,13:33:55,"9863 Gonzales Summit Suite 250
Thomasburgh, MA 35401",burglary,36.7341985,116.994737
2024-04-30,03:45:38,"78825 Velazquez Summit Apt. 298
North Brittanyville, RI 50708",theft,-78.4381955,-145.121298
2023-10-05,07:12:18,"5302 Joseph Ports Suite 425
Lunafort, MP 36312",theft,-60.379802,-45.155588
2024-01-30,16:04:10,"01699 Jacob Key
Raymondland, RI 97049",burglary,71.557063,-45.198408
2024-03-20,00:58:34,"USNV Newman
FPO AP 50322",theft,-68.9907815,-157.853601
2022-05-29,05:21:34,"64657 Fernandez Shore
Shannontown, MT 64204",burglary,23.4988465,42.255439
2023-10-05,17:26:52,"747 Spencer Stream
Halemouth, IA 32696",theft,47.502558,-172.165604
2022-11-01,13:33:11,"788 Johnson Glen
West Jacob, PA 56949",theft,-77.7212965,-17.247542
2022-09-06,22:22:04,"4623 Gonzales Burg
Perezton, MI 11588",assault,-35.667871,-127.653994
2024-04-26,20:42:27,"933 Allen Dale Apt. 583
East Cathy, MS 16295",vandalism,53.845296,97.035782
2023-08-15,17:54:22,"531 Laurie Plaza
Stevenhaven, MI 02336",theft,1.977431,95.148771
2022-07-11,18:20:07,"72779 Romero Crossing
Juliefort, IL 51271",theft,-80.211684,-30.828724
2022-12-17,23:46:20,"1875 Thomas Avenue
Morrishaven, MA 21343",assault,66.949673,-122.354450
2022-11-14,22:30:26,"57395 Myers Path Suite 852
New Robert, CO 62190",theft,-33.0586615,38.471568
2024-03-08,01:21:36,"07323 Anna Villages
Kingshire, VT 15178",burglary,89.255557,52.400144
2023-03-11,19:12:36,"95707 Harris View
West Isabel, IL 53949",vandalism,73.926630,-13.062487
2022-10-12,10:03:08,"175 Anthony Mountain
Tarafurt, NM 78994",theft,67.2955915,-153.463758
2023-03-20,12:58:00,"469 Jason Lock
Mooreborough, OH 69759",vandalism,-22.063001,-8.089282
2023-01-01,10:16:39,"15622 Megan Mill Suite 321
South Valerie, TX 05419",assault,-42.4228625,157.801705
2022-07-08,14:04:16,"1303 Jennifer Landing
Laurachester, RI 38770",burglary,-1.596023,60.027197
2023-07-23,09:02:23,"44299 Thomas Spur Apt. 123
Lake Loribury, ME 69414",assault,70.1934315,-37.311518
2023-05-18,08:48:31,"20276 James Forges Suite 937
Timothymouth, CO 04469",vandalism,-89.363625,54.651349
2023-08-29,23:08:33,"341 Smith Court Apt. 785
Sherrymouth, ID 53133",vandalism,-58.581496,-171.316053
2022-05-21,22:58:28,"151 Petty Forge
Edwardmouth, MP 84591",vandalism,37.296742,77.062434
2022-07-18,16:32:27,"USNV Riggs
FPO AP 64788",theft,4.5080775,99.478326
2023-05-20,11:31:55,"USNS Mayer
FPO AP 90441",assault,-51.944361,106.151938
2023-07-24,15:10:26,"29126 Karen Rest
Duncanberg, RI 89680",vandalism,40.143674,17.920991
2022-08-21,15:54:25,"21628 Andrea Walk
Blackburnside, NY 29496",theft,46.8238735,-105.752064
2023-02-03,11:37:47,"006 Franklin Squares
East Kimberlyville, GA 93281",theft,55.2222445,4.063979
2023-07-31,04:05:44,"019 Nicole Estates Suite 700
Rubenchester, CO 02362",theft,-5.443181,-91.654592
2024-02-23,03:19:04,"122 Newton Brook
East Rogerton, NC 61199",vandalism,40.667062,114.965511
2023-12-07,13:52:02,"752 Martinez Club Apt. 331
South Jeffrey, CA 09762",assault,-87.2331645,-134.910799
2023-11-09,14:35:10,"4703 Munoz Skyway Suite 818
Colonton, GA 31272",assault,6.7867295,-168.064716
2023-10-14,07:50:01,"45427 Angelica Mountains
Gonzalezberg, MA 65835",assault,-60.568599,4.816835
2022-11-18,16:05:11,"469 Patrick Fields
New Pamelastad, NY 50907",vandalism,45.856463,80.674440
2023-10-30,01:47:44,"Unit 7255 Box 6396
DPO AP 92430",burglary,-74.1558795,-97.860117
2024-04-25,23:39:23,"543 Schmitt Circle Apt. 602
West Kathyton, TX 81533",theft,-84.9264945,-72.637464
2023-12-03,00:08:14,"9656 Harrington Harbor Apt. 356
Lake Marcusfurt, NE 10873",theft,38.6259835,167.555225
2022-09-21,20:29:51,"946 Justin Pass
Troyhaven, TX 25227",burglary,-52.642131,175.979971
2022-11-14,22:27:45,"83620 Owens Cliff Apt. 789
North Willie, ME 23776",assault,40.184529,32.163354
2024-05-12,09:07:45,"97664 Dawn Center
Ellisstad, PA 74192",assault,-35.2953615,123.155482
2023-04-24,17:32:43,"724 Caitlin Wall Apt. 521
Calvinmouth, IN 68880",burglary,36.6978725,11.631902
2023-11-22,13:19:40,"5895 Teresa Causeway
Hoffmanside, AS 60421",theft,-11.1114995,68.834882
2022-12-06,06:24:19,"908 Sandra Throughway Suite 622
Wilsonview, MN 35250",vandalism,38.371607,-131.824821
2022-09-27,08:48:34,"13175 Moore Green
Hayleyview, MT 57885",theft,53.574725,40.463112
2024-01-05,11:01:05,"47008 Brandi River
Jameshaven, PR 83431",theft,46.098229,16.186340
2022-09-25,12:57:23,"4046 Smith Pine Apt. 355
South Kennethport, MA 20663",burglary,-34.003698,-46.934646
2024-03-19,20:21:06,"997 Julian Ports Apt. 488
Brandonport, OR 76715",burglary,82.0520415,56.937591
2023-08-10,07:06:50,"0860 Matthew Rapid
Garyborough, NH 28860",vandalism,-75.1193335,92.047052
2024-05-18,02:28:42,"590 Valerie Creek
Jennaburgh, KS 17045",assault,38.528889,-32.753635
2024-04-04,10:52:37,"13352 Nelson Walks
Lake Barbaraside, AK 23753",assault,-0.7949835,-75.927057
2024-05-12,12:09:05,"20038 Lauren Extensions
Jacobside, KY 53713",burglary,-43.150726,158.210109
2023-01-10,22:37:23,"1369 Katrina Street Apt. 371
West Renee, AK 56536",vandalism,17.1658715,-47.918360
2024-03-30,17:46:35,"1527 George Divide Apt. 174
Sandovalfurt, CT 19533",vandalism,-42.743456,-165.153680
2023-04-25,23:56:33,"618 Hartman Square Suite 973
South Lauraport, VT 22438",vandalism,9.5093985,68.491488
2022-12-20,11:34:47,"USS Farrell
FPO AP 60914",burglary,10.6315075,22.890948
2022-09-29,15:56:26,"0812 Nichols Lake Suite 656
Port Jacobstad, FL 33651",assault,70.506456,-136.647869
2024-02-24,03:49:54,"76806 Laura Mission
North Margaret, AS 92953",vandalism,-73.966109,-21.711240
2022-12-01,17:24:36,"57471 Patterson Crossroad
North Tanyafort, NC 43360",vandalism,6.4745265,-123.569456
2022-07-21,13:36:26,"22272 Victor Curve Suite 799
Christopherton, DE 89588",assault,79.3135995,147.548382
2023-04-30,08:06:11,"8458 Johnson Club
Westshire, IA 20647",burglary,69.1493135,174.059430
2024-02-06,07:36:43,"844 Pamela Springs
Kimberlymouth, OK 78032",burglary,17.2549255,-83.841136
2024-01-08,22:55:24,"3159 Mike Stream Suite 237
New Sheilashire, FM 88930",burglary,87.963917,124.113839
2023-02-04,10:46:00,"768 Henry Isle
Manningfurt, MH 15500",theft,-50.695830,-160.310277
2022-07-15,12:02:20,"60737 Larry Forest Suite 195
Moraborough, RI 46791",burglary,88.4032715,-54.302737
2023-04-05,17:43:52,"1545 Julia Unions Suite 736
New Richard, PR 14642",burglary,84.203413,-164.191366
2023-09-08,20:46:08,"639 Nancy Gateway Suite 801
South Geraldville, AL 40246",assault,21.3409605,-30.336205
2024-03-18,17:46:26,"Unit 1720 Box 6242
DPO AA 73029",assault,18.776473,-56.159808
2024-02-05,23:22:14,"747 Wright Throughway Apt. 996
Lawsonport, CO 37696",vandalism,-33.224725,-25.630287
2022-08-28,15:54:29,"480 Hammond Court
Nelsonberg, MN 71643",vandalism,76.776963,49.954142
2022-12-03,11:59:17,"4796 Linda Parkways Suite 651
Palmerborough, WV 82900",burglary,-57.958586,60.457144
2023-05-06,16:09:00,"3271 Michael Shore Apt. 642
Solomonfort, VA 08259",assault,85.7259015,139.559060
2023-06-12,07:17:00,"USCGC Gonzalez
FPO AP 48678",vandalism,-40.9608935,-134.243659
2022-12-26,14:48:15,"567 Melinda Mall Apt. 859
North Jackstad, AS 74369",theft,-4.630625,53.287268
2022-08-09,01:11:23,"Unit 9158 Box 9005
DPO AA 29691",theft,8.279480,-82.584807
2023-07-23,13:59:24,"Unit 3665 Box 9519
DPO AE 09946",assault,-18.4384735,-121.107589
2022-08-04,22:07:36,"936 Andrew Street Apt. 320
Dunnside, SC 41577",vandalism,-72.9808635,-26.676901
2022-12-15,18:30:23,"1136 Michael Walk Apt. 082
Port Markmouth, TN 18052",theft,-89.253761,101.598602
2024-03-14,22:35:21,"517 Pineda Mission
Lake Sherriview, GU 95564",burglary,43.367572,-145.083149
2023-04-24,15:11:24,"126 Jacob Groves Apt. 030
Lake Andrewmouth, ND 97953",vandalism,-52.787385,-31.527247
2022-08-05,12:43:36,"913 Kim Hills Suite 989
Stanleybury, CO 75310",vandalism,54.918746,51.320773
2022-05-21,05:31:09,"958 Lewis Harbors
West Tara, GA 73550",burglary,46.6174965,-61.008568
2023-10-07,12:42:43,"Unit 0997 Box 6227
DPO AP 98356",vandalism,87.5856705,-10.000087
2023-09-16,20:46:40,"07977 Jesse Junctions
Marychester, NM 31466",burglary,-54.2429825,51.788177
2023-12-06,04:25:55,"782 Taylor Divide
Caitlinmouth, OH 45300",assault,64.084321,61.466010
2023-06-18,04:03:40,"07112 Adkins Burgs
Kristinborough, WV 50126",burglary,29.422175,22.228764
2024-01-13,10:57:08,"635 Smith Meadow
South Juan, AL 91441",theft,-41.727696,76.202353
2022-08-04,13:51:43,"6383 Burton Forks Suite 735
West Phillipton, HI 79490",vandalism,-81.960862,118.182947
2023-07-19,07:01:20,"82238 Marshall Valley Suite 007
West Thomas, IL 22632",burglary,15.852500,168.956090
2024-02-26,17:15:26,"3300 Taylor Trafficway
West Christina, NV 26838",theft,89.2438835,-93.346764
2023-07-18,23:41:44,"3952 Gary Roads Suite 456
East Rodneyville, TN 61419",theft,43.1882405,-65.145077
2023-10-02,16:25:06,"887 Latoya Stravenue Apt. 282
Nunezborough, CA 53309",vandalism,-0.1548995,37.499475
2023-04-07,18:39:27,"909 Reed Station
Hansenshire, MH 63019",burglary,-76.8125415,-51.184682
2023-11-06,06:27:09,"882 Watson Creek
East Mathew, LA 88554",assault,30.5883175,-100.634430
2022-11-10,07:48:52,"43604 Dylan Ridges Apt. 108
Baileystad, WV 64556",assault,24.752494,-96.517021
2023-05-13,19:32:17,"35659 Amy Mews Apt. 570
Johnstad, AZ 06968",assault,-48.807596,104.486865
2024-03-10,16:15:37,"1751 Schneider Cliffs
East Tanner, SC 80599",burglary,15.3234425,178.730155
2023-10-09,05:21:08,"292 Zachary Wall
East Sara, TX 48232",assault,-31.1060565,-43.331177
2023-12-29,13:20:27,"PSC 2092, Box 6179
APO AE 25302",burglary,50.7863345,67.705756
2024-02-15,23:06:41,"Unit 3501 Box 7764
DPO AA 07521",assault,-66.944156,38.105889
2023-07-04,05:30:56,"54273 Julie Brooks
Katherineburgh, ME 35496",vandalism,-25.0856655,85.025077
2023-08-31,11:53:46,"08622 Sims Turnpike Apt. 883
Dylanton, WV 30908",assault,-57.9397465,35.839314
2024-01-07,07:52:37,"USCGC Powers
FPO AP 02937",vandalism,-10.6225035,50.803891
2023-03-15,09:35:53,"8780 Stephanie Cove
Port Kevin, GU 75230",assault,46.5051975,20.278231
2023-03-29,12:24:46,"902 Anna Heights Apt. 921
Smithland, SD 12495",assault,-15.0365735,24.727417
2023-05-20,09:36:08,"1199 Harris Corner
Morrisberg, AL 02101",assault,24.071603,-60.069326
2023-11-06,02:27:16,"6525 Eaton Dam
Natalieshire, MT 40157",vandalism,56.9151625,-51.633204
2023-11-06,01:03:50,"541 Davila Inlet
New Kevinfort, NM 30043",burglary,83.8975315,-122.133197
2022-08-17,03:01:44,"89628 Armstrong Extensions Apt. 204
East Cherylchester, NC 73650",theft,-74.885805,-174.232753
2023-12-25,03:23:02,"123 Anderson Shoal
Port Kimberly, NE 13277",theft,-72.481056,-178.333715
2024-01-11,18:41:47,"938 Henry Trail Apt. 321
New Christina, CA 95693",burglary,27.5408995,-70.946409
2023-12-20,06:02:25,"58595 Henry Island Apt. 544
Marcusborough, NM 64330",burglary,57.548806,-140.383237
2024-05-09,02:31:25,"162 Raymond Road
North Holly, LA 11110",assault,53.7077825,-98.281516
2022-09-27,18:03:38,"PSC 8171, Box 0444
APO AP 44700",burglary,47.194751,71.836749
2023-08-13,06:29:55,"89772 Jones Village
East Megan, ME 00912",assault,5.417178,71.919191
2023-02-16,05:09:22,"50598 Gilbert Motorway
Donnaton, WA 47424",theft,-3.6529055,148.558642
2024-01-25,10:52:16,"781 Camacho Vista
South Toddport, ME 64358",assault,62.8812165,176.856313
2023-09-24,05:14:41,"3797 Jackson Oval Apt. 938
Carpentershire, OH 62687",vandalism,89.744462,75.678071
2023-12-26,22:14:26,"55760 Charles Glen Suite 313
East Emily, WI 48664",vandalism,10.5508985,-172.484884
2023-01-09,01:34:09,"427 Smith Islands Suite 061
Port Ruth, CA 92820",vandalism,82.4472165,39.890093
2024-01-07,04:00:55,"USNS Wood
FPO AE 93770",vandalism,72.698406,14.004795
2022-12-17,10:02:49,"05972 Bradley Station Suite 217
Gardnerport, MH 88093",burglary,69.0155665,82.665500
2023-07-21,18:21:11,"09220 Eric Mills Suite 419
Villanuevaborough, OR 66235",theft,-86.969599,-48.666824
2023-08-02,20:33:24,"867 Johnson Valley
Englishmouth, CT 94882",theft,51.4396205,9.853572
2024-05-10,01:02:15,"149 Taylor Freeway
Port Elizabeth, MN 49114",assault,-13.013832,117.627740
2023-03-20,01:59:16,"060 Meyer Keys
North Kristina, TN 50018",theft,52.9255785,-146.395211
2023-06-07,05:19:51,"772 Joy Track
Reedport, AS 27487",vandalism,-87.1449905,64.559918
2022-06-01,11:55:30,"3031 Craig Throughway
North Kevinfort, MD 28932",vandalism,33.8948125,104.878298
2023-04-29,08:50:26,"2697 Jessica Manors Apt. 086
Griffinland, CO 81412",assault,-64.7087485,-143.598965
2022-12-16,06:22:21,"966 Tyler Locks
North Michelle, MN 16733",burglary,81.7662135,21.488912
2023-07-04,03:15:00,"758 David Land Apt. 696
Lake Juliefort, SD 89409",burglary,79.094059,151.280644
2023-04-25,22:20:15,"249 Mann Pine
South Julie, ME 65095",assault,28.179460,-164.154645
2022-07-29,23:43:21,"93494 Misty Haven Suite 670
Port Alexisside, TN 27970",vandalism,-52.471477,-131.825033
2023-01-10,15:18:02,"694 Kane Gateway Suite 101
West Alicia, WV 15187",assault,-57.6749905,138.514779
2024-04-06,18:17:19,"Unit 6405 Box 3642
DPO AE 93068",burglary,36.8763205,-166.809286
2023-01-04,11:22:05,"PSC 1603, Box 4865
APO AA 88986",burglary,27.804083,173.999154
2024-03-30,19:07:38,"51899 Miller Spur
Raymondchester, NV 42883",burglary,-44.850372,109.798237
2023-07-06,11:57:40,"803 Andrew Islands
Carrport, CO 58632",burglary,-30.032693,61.304559
2023-07-25,20:37:23,"73370 Bird Highway
Hectorland, FM 49198",burglary,16.094533,-57.997426
2024-03-28,15:38:53,"44307 Karen Glens Apt. 568
New Michaelfurt, IA 94012",vandalism,2.1615415,140.534621
2024-04-27,17:39:35,"3121 Holt Landing
New Brandon, OH 49766",burglary,-40.3751805,109.607109
2023-01-29,11:52:01,"USNV Hughes
FPO AE 96693",vandalism,41.444178,65.937718
2022-11-16,20:30:33,"5486 Bradley Mission
West Paulborough, NC 08446",assault,-53.633034,164.533963
2023-10-31,01:50:02,"66236 Leah Alley
Rhodesview, CA 30885",theft,-68.799094,173.746490
2022-11-07,19:46:17,"568 Hernandez Highway
Port Mary, MO 41346",burglary,-14.4587695,12.059080
2022-09-08,22:40:37,"5631 Case Junction
Gutierrezton, MO 48653",vandalism,-6.8028515,101.087366
2023-09-28,01:15:59,"18905 Stone Knoll Apt. 679
Samuelport, AK 89561",burglary,68.045851,-113.966342
2022-07-23,05:57:15,"214 Bennett Island Suite 665
Gregoryberg, IL 83831",vandalism,-81.981402,104.819648
2023-06-03,16:57:39,"3786 Shaw Trail Apt. 364
North Timothyport, TX 89146",theft,-47.5634015,-49.746236
2023-06-29,02:56:08,"084 Greg Forges
North Arthur, KY 69359",theft,85.055252,68.640483
2022-10-16,05:45:24,"30180 Moore Manor
Jamesside, ME 72396",vandalism,-51.957437,89.693515
2023-05-13,16:44:25,"796 Richard Drive
Briannaborough, WA 40081",burglary,-73.621733,106.820658
2023-05-25,03:50:56,"740 Johnson Trace Apt. 547
Rebeccaville, GU 03489",assault,31.490562,173.486731
2023-03-19,22:36:28,"70029 Ewing Walk Suite 148
Port Jose, AS 33139",assault,-24.211785,-137.145048
2023-05-23,12:52:45,"4510 Brian Rapid Apt. 439
North Joshua, PR 52669",burglary,-43.7258905,62.447163
2023-10-23,14:20:37,"675 Griffith Row
Williamston, CT 76161",vandalism,-7.5109255,159.760607
2023-08-19,07:39:15,"949 Christopher Ports Apt. 644
Deborahville, CA 45337",burglary,66.796487,55.560744
2024-04-23,12:59:59,"9566 Garza Fords Apt. 435
Chapmanview, AK 47339",vandalism,10.9428865,-159.292964
2022-11-17,22:26:43,"01195 Lyons Rest Apt. 282
Brianbury, NH 47674",theft,52.791504,27.573463
2023-12-07,11:40:38,"522 Evans Grove
South Andrewburgh, PA 48080",vandalism,-15.925049,22.979292
2024-03-24,07:57:07,"6302 Romero Mount Suite 394
Cynthiamouth, AS 03256",burglary,77.739498,-52.160633
2024-01-10,08:08:02,"5255 Kaitlin Creek
Jordanview, KY 50482",theft,-11.823543,86.209063
2023-04-29,07:36:20,"8128 Suarez Station
West Jennifer, DC 06121",theft,41.740777,-71.628667
2023-03-14,07:40:17,"56955 Lisa Parks
Port Tonya, WV 13278",vandalism,25.644029,-176.383830
2023-02-02,16:54:50,"071 Jacobs Flats
Woodtown, MO 81047",assault,-43.903578,-130.534351
2022-05-24,11:51:10,"58192 Tammy Street Apt. 843
North Curtisshire, IL 79439",burglary,4.416297,131.250844
2023-07-29,05:35:49,"79012 Nicholas Wells Apt. 628
Brendabury, NC 43744",assault,-18.4150475,131.621397
2024-04-02,01:35:36,"3338 Torres Flats Apt. 132
Oliviamouth, LA 86462",burglary,81.6593275,-130.168104
2022-09-16,20:59:18,"6571 Newman Flat Apt. 022
Williamsview, MS 86082",vandalism,9.9803515,-73.376002
2022-12-28,15:39:02,"089 Mckee Ways Apt. 752
West Lauren, GA 25193",assault,-78.691679,-170.273115
2022-12-12,01:25:00,"320 Brown Ways
Lake Ryanborough, IL 68731",vandalism,-79.765705,-123.697936
2022-06-22,12:11:06,"PSC 4990, Box 0934
APO AE 98072",theft,-38.573872,-32.636074
2024-03-17,08:24:16,"3643 Lane Rapid Apt. 924
Ashleychester, NM 21488",burglary,45.3628965,-33.327853
2022-06-24,10:25:29,"114 Zachary Neck
Lake Christinamouth, AR 59235",theft,-14.775758,-117.890993
2022-07-09,01:14:17,"173 Kristin Burgs
West Lesliebury, GA 26367",assault,-62.632629,-133.462590
2023-10-08,17:58:05,"0259 Sheila Valley
Jenniferland, AR 26353",vandalism,38.7506025,-179.179170
2023-03-27,05:18:57,"800 Colton Circles Apt. 667
New Lynnport, FL 68819",assault,-20.9026685,103.940217
2024-02-02,00:27:37,"519 Johnathan Court
Dawnmouth, VI 64440",theft,-70.002908,44.415094
2022-09-10,09:00:44,"46429 Melissa Canyon Suite 353
North Morgan, OK 75532",vandalism,49.4706145,-34.996938
2024-05-12,02:04:09,"86866 Jones Walk
Lake Ashleystad, VA 04049",theft,62.688020,-71.391567
2022-08-12,11:33:43,"0254 Victoria Isle Apt. 759
Townsendhaven, TN 81873",assault,5.420952,-33.630885
2022-07-26,10:12:40,"2515 Humphrey Points Suite 143
South Ericchester, GA 89765",theft,-45.4313205,-35.864919
2024-05-13,03:34:26,"4113 Wyatt Stravenue Apt. 240
Rebeccabury, WI 39765",assault,-67.511639,50.500445
2023-01-22,20:00:18,"6906 Brittany Center Suite 690
North Alexander, OH 26491",vandalism,18.3865585,132.159852
2023-09-08,13:25:02,"10330 Chang Mountain
Gordonfurt, SD 84335",vandalism,-49.1495545,148.386136
2023-06-13,03:23:49,"498 Perez Orchard Suite 293
East Nicholasville, ND 05213",assault,57.552506,-172.262722
2023-08-20,14:30:56,"695 Blair Vista
Terrichester, OK 70061",theft,-61.999880,118.577621
2023-02-24,12:15:11,"77882 Jennifer Fall
East Lisa, UT 75944",assault,30.135212,89.728365
2023-02-01,15:35:42,"63649 Laura Ridges
North Matthewbury, FM 05547",assault,70.962351,-40.554069
2023-05-03,04:46:47,"PSC 9436, Box 9460
APO AE 15455",assault,-59.743560,90.386143
2023-08-31,23:57:55,"USNV Clark
FPO AE 56092",vandalism,42.7719625,133.025440
2022-12-28,17:18:34,"4303 Becker Rapids
Cainton, VA 82565",assault,48.645915,-130.466579
2022-11-23,13:18:25,"144 Richmond Drives
Brianville, MS 06058",burglary,64.747914,133.932612
2022-06-14,22:51:29,"21386 Jeremy Wall
Angelahaven, SC 42970",burglary,80.9450175,57.258473
2022-10-23,11:12:51,"73410 Dean Expressway
South Davidville, AZ 58060",burglary,-65.0482975,-171.120523
2022-05-20,11:23:27,"748 Christopher Mall
Jessicaview, AR 89001",burglary,23.1687435,-170.052580
2023-10-26,19:58:33,"5268 Parks Shores
Amandabury, VI 32943",vandalism,74.8903465,119.213082
2024-01-31,15:20:36,"6663 Nicholson Lodge Apt. 652
New Andrew, SC 34743",vandalism,28.859733,-161.871697
2022-12-28,05:48:19,"PSC 5227, Box 4915
APO AA 12138",theft,18.945608,-132.244440
2022-10-20,14:58:40,"Unit 8360 Box 0247
DPO AA 99280",assault,-40.2855815,127.358838
2023-04-13,20:09:36,"28714 Jones Corners Apt. 136
South Jasonton, NH 53334",vandalism,75.6712275,39.814871
2023-07-20,18:38:11,"41678 French Street
Christensenview, NV 23305",assault,-64.5080865,-0.092406
2022-06-15,18:57:42,"USCGC Ramos
FPO AA 80955",vandalism,0.217252,-53.690463
2023-11-04,18:11:57,"819 Gibson Stravenue
Kristinhaven, MH 51039",assault,-4.565282,87.475986
2022-10-28,00:22:58,"51371 Braun Road Suite 867
Elizabethhaven, MI 09973",theft,76.7101625,179.991147
2023-05-30,14:52:18,"7176 Sandra Land
Fieldsbury, MN 28021",theft,37.8083435,-114.648244
2023-06-02,00:44:46,"50494 Carolyn Junction Apt. 250
Mackville, WV 50663",burglary,63.8608925,61.536081
2022-07-17,20:23:34,"695 Myers Pines Apt. 630
South Ericville, ID 46640",theft,-82.5011525,179.374383
2023-07-25,14:12:02,"2739 Kline Fords Suite 239
Christopherbury, RI 02099",vandalism,1.770613,-168.633524
2023-12-30,11:03:51,"023 Bryan Meadow Suite 971
New Robinshire, WA 85827",vandalism,48.7936075,-146.654685
2023-08-16,01:03:31,"5211 Galloway Stream Suite 727
Rickyberg, ID 89285",assault,-4.948791,-90.436499
2022-05-19,22:40:14,"6628 Zachary Roads
Gardnerchester, GA 03644",theft,-5.141512,-178.516286
2023-05-03,02:29:18,"Unit 0943 Box 1520
DPO AA 87907",burglary,-18.492511,-152.522018
2024-03-21,23:01:10,"3954 Ward Ridges
West Craigside, DC 38960",vandalism,33.468981,16.115878
2023-07-31,01:34:06,"02506 Laura Bridge Suite 624
Vancechester, PA 11530",assault,87.537863,95.627870
2023-09-17,08:26:59,"Unit 6044 Box 1424
DPO AE 68611",vandalism,-40.9942765,-21.535962
2023-11-20,03:04:22,"54522 Robinson Valley
South Kimberlyport, SC 22403",theft,3.037639,7.004048
2023-10-08,22:36:22,"9031 Kathleen Mountains Apt. 042
East Melissa, WV 13843",assault,-48.1122835,-11.966940
2024-01-06,07:48:59,"106 Robert Mountains Apt. 246
Port Raymondstad, IN 12056",burglary,-62.234679,140.313432
2023-01-21,06:17:28,"0204 Cassandra Islands
Port Erin, LA 21791",theft,-42.819115,33.575508
2022-09-02,13:52:54,"309 Stewart Locks Apt. 841
Parkschester, AZ 78713",burglary,-35.4594795,159.009673
2023-04-25,02:58:51,"48604 Joseph Centers
Lawrenceland, HI 09830",vandalism,5.190986,-142.572677
2023-10-05,04:22:54,"852 Jerry Via
Rachelborough, ND 56143",burglary,-54.953163,-94.639806
2023-04-18,01:28:04,"53989 Willis Ferry Suite 661
Lake Paulside, GA 93669",theft,45.583657,30.632068
2022-08-21,22:04:21,"45000 Shawn Walks
North Justin, IA 87986",burglary,-41.569696,159.286392
2023-03-31,11:24:41,"9910 Edward Glens
Richardborough, AZ 91705",burglary,58.375502,-85.181355
2023-12-21,03:43:00,"34980 Olivia Estates Apt. 866
Port Jasmine, MP 76997",burglary,-41.717127,-55.956635
2023-08-19,13:58:30,"2075 Tyler Cliffs
South Stevenchester, SC 24346",burglary,49.375786,-94.871836
2024-04-08,17:13:27,"814 Calderon Mountains
Suarezhaven, OK 36964",burglary,-37.441739,80.974433
2023-03-08,16:19:05,"2423 Nicholas Trail
Davilatown, AK 34467",vandalism,23.279281,-11.320127
2023-04-19,12:01:17,"PSC 8354, Box 9991
APO AA 89633",burglary,-74.0837925,75.945681
2022-09-23,23:14:04,"25305 Walters Lakes Suite 974
Lake Kellyland, GU 40057",assault,52.539728,-134.740012
2022-10-18,14:44:40,"021 Eaton Shores
Port Jilltown, GA 45146",vandalism,79.2523135,-18.236966
2024-01-31,13:16:54,"7109 Castaneda Fords
Jennabury, IL 16392",theft,30.7285805,-57.563093
2023-04-18,00:46:00,"62909 Roberts Extension Suite 294
Port Alexanderhaven, PW 12433",vandalism,-71.864780,-141.524497
2024-02-21,02:11:00,"550 Hall Crossroad
North Charlotte, MI 95294",theft,76.6119265,88.064858
2023-08-17,02:42:47,"46334 Eric Shoals Suite 076
Port Brooke, GA 61203",burglary,66.641798,-139.939294
2022-10-22,11:57:07,"920 George Plains
Michaelton, CT 63073",vandalism,-39.724125,175.648322
2022-12-08,03:39:24,"25154 Christina Keys Suite 775
Cooleyburgh, VI 01464",theft,-72.1698695,172.399273
2023-06-11,14:32:25,"70373 Miguel Mountain
Dianashire, RI 07148",theft,-74.682122,108.499896
2023-02-25,04:39:32,"12717 Cheryl Ports
South Alicia, MP 78396",burglary,51.724736,77.633181
2023-02-24,13:33:01,"07766 Kent Groves
Allisonburgh, AL 87593",theft,-62.6678285,-54.311894
2023-10-24,09:20:55,"5697 Debra Green
Port Amymouth, DE 58140",assault,-49.2536125,166.769660
2022-06-06,19:44:28,"274 Juarez Field
Maddenstad, PA 93873",theft,86.597264,-101.062054
2023-08-07,07:18:35,"87225 Craig Manor Suite 717
East Joshuastad, PR 82687",theft,-13.978590,-135.254018
2023-05-26,17:06:31,"01996 Fox Pike
East Anthonymouth, DE 94138",theft,83.460062,-50.746823
2022-07-11,12:47:27,"975 Odonnell Passage
North Robertside, CT 50704",theft,14.4397195,19.500298
2023-05-17,00:25:01,"Unit 0764 Box 7705
DPO AE 74107",theft,-37.247350,10.334584
2023-03-02,02:31:45,"5573 Brown Stravenue
New Laurafort, MS 29651",burglary,-9.5232715,-42.473885
2022-06-26,16:35:43,"86504 Wilson Corner Suite 258
Nicolechester, DC 26439",assault,-24.5799825,-66.850322
2022-08-08,15:05:11,"580 Wilson Row
Lake Joseph, AR 43584",vandalism,41.4760495,128.286422
2022-10-04,20:40:46,"4604 Luna Trace
New Yolanda, FL 66191",burglary,63.603030,-101.093664
2022-07-19,21:21:49,"PSC 8657, Box 4777
APO AE 09876",vandalism,10.731181,-142.377496
2024-04-23,03:04:26,"2612 Berry Turnpike Suite 177
North Ashley, MS 36716",burglary,-8.3283685,137.209345
2023-04-16,23:04:34,"8069 Michelle Mountains Apt. 488
New Jeffreyberg, HI 72091",assault,-39.4502695,-146.053831
2024-04-01,19:22:53,"095 Cohen Roads
Nicholsonview, VI 66536",theft,-34.945880,156.313240
2022-09-23,23:39:04,"208 Joshua Street Suite 662
Fisherfurt, AZ 08818",burglary,-48.7980985,-65.574978
2023-04-27,03:57:28,"07029 Erica Inlet
New Alexland, PA 84304",vandalism,16.835205,166.302880
2023-03-29,23:48:00,"257 Cody Track
Port Robertville, KY 57839",burglary,-50.009548,-163.254269
2023-07-25,16:27:03,"Unit 1817 Box 1271
DPO AA 67410",theft,89.7313665,41.307744
2023-01-14,07:54:30,"591 Dorothy Crest Apt. 333
Martinezshire, MA 44066",vandalism,0.1774865,108.272853
2023-06-29,19:59:41,"601 Mary Locks Suite 825
Madisonland, IN 88259",theft,-46.954205,-94.206565
2023-05-01,09:48:12,"521 Holloway Stream
Samanthatown, MP 13590",theft,-16.798015,162.652094
2022-09-13,10:50:02,"7212 Chung Estates Suite 627
Michaelborough, PW 90348",vandalism,88.5158855,-73.067331
2024-03-31,14:38:46,"025 Sean Prairie Apt. 788
Cunninghamland, WV 52001",burglary,-43.7547995,163.468881
2023-02-28,11:29:20,"81300 John Mountains Apt. 508
Lake Ambershire, TN 27679",vandalism,52.444852,45.164341
2023-10-31,15:28:47,"956 Montgomery Extension Apt. 932
East Aaron, LA 35492",burglary,63.028169,160.502543
2023-09-04,17:00:47,"8119 Cortez Branch Apt. 533
Caldwellmouth, MN 09349",theft,-5.149844,-151.019967
2024-02-09,11:27:14,"20804 Kimberly Route
New Shawn, AK 18889",theft,32.480909,31.361156
2022-12-12,05:13:12,"76557 Robert Avenue
West Jonathan, VI 43301",burglary,-86.6617825,35.145296
2022-10-19,10:26:02,"3613 Middleton Brooks
Millston, MO 50478",vandalism,-32.323066,-55.684133
2022-08-13,13:22:49,"493 Mcdowell Station
Munozhaven, MD 71472",assault,21.6726805,-62.911232
2023-10-04,05:04:21,"974 Howard Heights
Grayland, WV 32803",vandalism,-15.4677695,-5.900837
2023-09-22,11:16:00,"9396 Laura Lake
North Patricia, NM 96668",vandalism,-67.063342,-47.235393
2024-01-30,16:45:11,"USNV Garcia
FPO AP 88876",theft,-17.886604,81.728706
2023-08-17,18:26:39,"91749 Bush Via
New Alexis, RI 47485",theft,22.5631065,28.577255
2023-07-10,14:55:48,"028 Catherine Manors
North Jessica, NY 11597",burglary,83.664163,142.897732
2023-08-30,02:33:04,"7154 Angela Point
Davidstad, MT 82895",theft,-58.767074,-65.888886
2022-10-02,00:00:00,"3616 Harris Garden Apt. 684
East Sean, VT 62190",burglary,50.8779585,100.822069
2023-06-28,02:56:35,"7268 Cardenas Drive Suite 522
Salazarborough, DE 45511",theft,86.4461325,113.244671
2023-04-02,13:50:05,"230 Peter Station
North Jonathanland, ME 81662",burglary,-79.515559,-107.561134
2022-08-03,15:01:46,"02537 Stein Radial
South Cynthia, GA 16274",assault,15.709952,-24.449749
2024-01-23,05:33:13,"57952 James Meadows
Kaylahaven, SC 85087",theft,-12.823946,61.176274
2023-02-06,18:05:46,"8495 Jenkins Haven Apt. 713
Kellyport, IA 07885",burglary,-40.397581,46.198825
2023-12-02,13:31:18,"539 Ashley Tunnel
Madelinetown, WI 52579",theft,42.8875495,94.126804
2023-09-07,18:45:50,"5645 Bruce Mount
East Julieburgh, AR 40268",assault,-55.390907,-98.902135
2023-07-19,12:14:37,"7310 Maureen Parkways Apt. 985
North Timothy, MI 63994",assault,48.033053,51.987069
2022-07-16,23:58:24,"07188 Becky Mountains
Johnsontown, MO 40993",theft,-47.799287,89.491814
2023-05-09,14:50:42,"8234 Shirley Hollow Suite 161
New Amanda, MT 27589",theft,-80.832556,98.128553
2024-02-16,23:55:35,"407 Rodriguez Park Apt. 214
Port Dianaport, MA 52997",vandalism,-6.387798,30.754066
2022-08-20,00:42:07,"645 Dalton Prairie Apt. 402
New Jennifermouth, WV 34566",assault,-21.2849725,-12.129252
2022-12-08,20:13:07,"0303 Rodriguez Camp
Crystalborough, UT 20989",theft,24.454869,119.758605
2022-06-24,08:36:02,"849 Barrera Skyway Apt. 405
Lake Hannahtown, NE 89504",vandalism,48.0560255,-127.825141
2022-12-31,19:06:02,"3356 Gregory Drive Suite 993
Nancyshire, NV 78852",assault,41.168303,-54.134427
2024-02-06,15:22:52,"45950 Lara Port Suite 209
South Paulville, UT 42974",vandalism,83.356592,0.906222
2024-01-02,01:24:04,"961 Jennifer Gateway Apt. 231
East Eugenestad, VI 15865",theft,19.0742495,-32.788005
2023-10-02,18:05:45,"USNS Collins
FPO AA 95973",burglary,-11.220641,-19.559483
2023-03-12,08:45:04,"29405 Robert Locks
Yangville, LA 29608",burglary,-78.643059,-134.871881
2023-10-17,14:18:55,"541 Hayes Run Suite 131
Pollardside, AR 16955",burglary,52.1035815,-31.400361
2024-01-09,00:46:19,"651 Jones Ferry
West Jennifer, GA 67347",theft,70.7755705,95.756350
2024-01-14,16:29:00,"2306 Jones Trace
New Shanebury, LA 84723",assault,-88.655310,46.443876
2022-11-11,07:27:56,"8818 Daniel Expressway
East Donaldborough, MA 67700",theft,23.867413,-29.004761
2022-10-28,06:58:01,"USNV Harris
FPO AA 98820",assault,23.756579,68.025430
2023-05-12,00:10:11,"0620 Vargas Pine Apt. 756
Derrickhaven, MA 23943",assault,53.4404385,-16.062355
2023-09-18,02:54:05,"587 Jones Glen Suite 966
South Melissastad, AS 59463",burglary,-46.905256,128.690510
2022-10-05,02:26:44,"022 Davila Lake
Crossburgh, CA 71844",assault,44.6652245,53.945204
2024-03-28,11:30:37,"860 Hannah Crest Apt. 322
South Devin, IA 83535",burglary,40.1235515,125.662783
2023-06-03,21:18:10,"47245 Taylor Oval
Jonathantown, WV 16761",burglary,-43.771159,81.419282
2022-07-17,14:45:10,"74176 Kyle Green
Port Alyssa, PA 44305",vandalism,-51.8795725,-162.563033
2023-04-23,19:54:52,"PSC 9825, Box 0434
APO AP 82819",assault,-22.6065415,-176.513074
2023-04-26,23:20:11,"26626 Shepard Springs
Amandaville, DE 22957",theft,23.7972455,-41.716131
2024-02-19,12:34:47,"126 Cook Land Suite 876
Davidhaven, FM 83303",vandalism,54.0758255,-122.136681
2023-03-25,21:10:34,"4673 Dominguez Land
West Sandyhaven, VT 72824",assault,33.4845825,83.101057
2023-06-09,14:41:04,"17519 Hughes Fields Apt. 120
Cunninghamstad, PW 61437",assault,-79.0184325,103.344576
2024-01-12,18:54:39,"70589 Laura Ville
North Josemouth, NC 76503",burglary,-71.769811,-154.318483
2023-06-20,00:08:06,"631 Kimberly Harbor
West Michael, MD 68208",assault,-61.339002,-121.030562
2023-10-10,15:10:16,"032 Owens Greens Suite 970
New Jessicashire, MN 44509",vandalism,-21.986049,38.465075
2023-04-20,13:08:15,"13432 Fred Run
Allenville, AZ 78810",burglary,20.951472,-68.399000
2022-08-21,10:51:07,"758 Samantha Village
Karenberg, GU 40216",burglary,-49.477684,-134.347423
2024-02-01,23:38:11,"71149 Duncan Gardens Apt. 622
New Sara, VA 56364",assault,42.675323,-152.558975
2024-02-04,01:31:21,"7565 Martinez Lodge Suite 023
Tonyberg, IN 07592",vandalism,8.946280,115.102638
2024-03-26,02:19:07,"114 Lopez Spur Apt. 327
North Amber, MH 81574",assault,-60.2876025,-133.596158
2023-04-12,23:12:00,"8312 Wright Mission Apt. 251
West Dominic, OH 01308",assault,51.918597,-8.720122
2024-04-02,17:49:53,"0552 Mcclain Ridge Suite 762
West Aaron, NJ 64843",assault,-0.672508,-144.051609
2023-06-22,07:12:36,"822 Alicia Road
East Gabrielburgh, NC 34222",assault,-82.5668665,21.636058
2023-08-01,18:21:49,"060 Cathy Valley
Pricetown, NJ 56302",theft,-46.8579635,49.692687
2024-01-30,19:26:12,"USCGC Carter
FPO AP 33405",burglary,64.358414,-153.525440
2024-04-09,19:41:01,"67005 Mcguire Stream Suite 515
Annaton, MA 10897",assault,-75.598271,-118.578399
2022-06-05,00:24:13,"771 Norman Plains
Ryanmouth, NY 22956",theft,-21.582187,13.205254
2022-11-14,15:16:49,"541 Rivera Plains
Thomasland, AL 21615",assault,-83.419755,144.411965
2022-07-02,18:35:18,"33543 Matthew Shoals
Lake Tracyside, NV 43305",burglary,51.706571,57.516316
2023-04-10,22:31:45,"2192 Gilbert Forks Apt. 958
Ramirezborough, AK 49583",assault,8.738168,55.176410
2024-01-15,04:27:43,"8958 Jennifer Courts Suite 713
Heidichester, AZ 92583",assault,-63.354340,164.441484
2023-06-10,06:52:22,"USS Montoya
FPO AE 53115",vandalism,-76.4062685,-130.187741
2022-12-28,15:18:48,"71434 Griffin Creek
Janefurt, LA 01015",burglary,44.7398225,118.100860
2023-07-19,22:52:17,"0765 Barbara Squares
Langside, TX 75350",theft,-77.9123565,56.085534
2023-08-31,05:21:49,"515 Ford Harbor
South Michaelmouth, MA 04490",theft,23.5778945,-76.588662
2023-08-25,01:46:37,"18562 Jacqueline Station Apt. 245
South Rachel, NE 37811",burglary,26.6860885,-44.533824
2022-09-06,21:16:09,"71066 Brian Circles Apt. 191
Lake Martin, MT 66240",assault,-46.924808,-114.682714
2024-04-14,23:00:20,"7355 Jordan Path Suite 001
Ashleyhaven, MD 88992",vandalism,-87.7432645,-29.017016
2023-04-05,10:01:55,"7511 Brandon Squares
West Johnnyville, HI 91690",theft,-51.7174835,22.155839
2022-06-08,06:47:18,"USS Duran
FPO AA 54915",theft,2.8861185,164.667082
2023-11-12,10:14:55,"180 Cox Forge
Charlesville, LA 21536",theft,-71.6825095,144.169502
2022-12-30,06:43:35,"092 Dominique Pines Apt. 575
West Donald, NH 97959",vandalism,-87.933896,-60.107776
2022-12-17,01:32:16,"9945 Kelly Mission
Lunashire, IL 47513",assault,79.8912185,129.571161
2022-11-17,13:57:47,"345 Perez Shores
Port Kristentown, HI 85525",theft,35.767397,21.492451
2022-08-07,14:35:42,"4629 Sims Rest
Port Shawn, NH 50249",burglary,-30.7905655,-158.997730
2022-07-15,18:00:58,"680 Taylor Forges
Lake Karen, AR 93388",assault,17.890981,122.042853
2023-03-09,23:49:28,"84008 Jason Tunnel
Connieview, MS 59002",burglary,16.7699825,121.599902
2023-07-17,11:06:18,"8384 Matthew Radial Apt. 587
New James, ME 25566",theft,-6.8399285,-76.403570
2022-06-17,08:14:41,"84763 Bray Forest Suite 392
Lake Benjamin, AR 31087",theft,67.804810,-4.938390
2023-06-12,19:48:02,"813 Martin Key Suite 720
Lake Timothy, NE 17090",theft,25.408818,-99.026867
2023-01-10,03:59:29,"3400 Ashley Ports
Deanborough, VI 34566",assault,-6.109717,-141.969725
2023-11-06,13:24:43,"61565 Matthews Expressway
New Amyfurt, FL 09533",vandalism,71.0724005,85.085637
2023-08-16,08:08:27,"23314 Miller Spurs
Shepherdmouth, AS 55893",vandalism,-69.942870,-157.016926
2022-05-26,17:30:48,"1757 Stewart Ports
Cooperland, MD 92576",vandalism,-72.5473455,63.576353
2024-03-11,16:45:36,"985 Ronald Canyon Suite 446
South Jessicaside, IN 22293",burglary,85.9262445,66.143425
2024-05-18,01:31:45,"2328 Karen Trail Suite 736
East Marissaborough, SC 06725",assault,18.0732055,71.348376
2022-06-11,03:55:39,"99938 Sarah Hills
New James, OR 16520",theft,55.8162595,133.221334
2023-07-03,18:16:00,"USCGC Bryant
FPO AA 75571",assault,-88.0579435,147.655647
2023-06-23,06:46:31,"907 James Radial Suite 324
Frankshire, DE 61132",theft,-46.5632215,141.435819
2022-08-22,20:28:57,"888 Tucker Glen
North Patriciafort, WI 07087",theft,-82.794092,131.108035
2023-10-23,13:02:15,"PSC 0462, Box 7696
APO AE 35501",theft,-3.3871685,-143.460337
2023-01-04,08:44:00,"USNS Lee
FPO AE 39845",theft,-84.4561405,-179.889876
2024-04-22,11:39:47,"4990 Krystal Village
Lake Joseph, ID 13683",vandalism,65.7429785,-111.329574
2022-08-05,20:36:09,"1262 Howard Gateway Apt. 841
North Wesley, ID 20095",assault,39.7380695,18.196026
2022-07-02,19:14:11,"830 Daniel Keys
Port Brandonville, MI 80088",assault,68.1666305,157.955159
2023-08-14,21:45:28,"582 Angela Mount Apt. 323
West Scott, AL 14078",theft,76.765741,-12.368429
2022-08-12,11:58:46,"647 Daniel Plaza
Clarkberg, NM 14259",assault,-1.2141445,149.749860
2024-04-01,01:55:51,"4594 Beasley Common
North Calvinview, ND 75152",assault,17.360343,132.514422
2022-11-09,11:26:47,"64014 Blake Creek
East Laura, VT 26746",vandalism,23.029785,72.901803
2024-04-18,23:40:40,"83632 Lam Gardens
Carpenterfurt, TX 09391",theft,-44.7390855,-55.598784
2022-10-30,22:13:04,"961 Nicholas Land Suite 117
Zunigaville, NV 82919",theft,-52.9037625,62.365880
2023-05-18,10:21:36,"Unit 9474 Box 8976
DPO AP 41309",assault,-11.8554785,127.168962
2022-06-19,02:23:31,"4341 Herrera Landing Apt. 782
South Linda, TX 94487",theft,88.3949025,-145.122417
2023-09-07,05:29:40,"USCGC Jimenez
FPO AP 77515",theft,34.9787955,41.877596
2023-02-10,21:12:22,"372 Eric Avenue
East Karlaland, KS 14451",burglary,57.273955,77.383251
2022-12-17,14:11:07,"2575 Parker Corners Suite 031
East Lisa, ND 94891",theft,-16.9556885,-91.785445
2022-08-10,16:35:15,"9592 Carolyn Crescent
Suttonside, MA 25563",burglary,-88.6610395,144.333879
2022-08-04,01:47:20,"27315 Blackwell Mill
West Chloeville, FL 92805",burglary,-70.153020,-129.788338
2022-09-10,10:16:22,"7450 Gary Lake Suite 039
Whitneyside, ND 77802",burglary,-63.8174645,108.408369
2022-12-06,11:31:51,"8792 Carolyn Springs
Tylerfurt, ND 92986",assault,-89.7729305,66.495884
2023-03-29,08:08:01,"62837 Max Mission
Markview, NJ 99922",assault,-53.044729,86.931171
2023-04-01,20:05:33,"Unit 7096 Box 2414
DPO AP 02886",theft,15.324031,-28.913167
2023-10-02,04:50:06,"049 Deanna Glens
Kennedybury, TN 07928",burglary,56.364482,-143.157155
2023-05-11,22:31:23,"42849 Yang Green Apt. 556
Jacquelinehaven, NV 09062",burglary,-87.6588445,177.144160
2022-11-05,15:18:24,"775 Jose Trafficway Suite 395
Lake Dominichaven, DE 39742",assault,-55.5278665,-14.760642
2023-10-19,11:11:27,"7901 Higgins Isle Apt. 421
North Territon, OR 86753",assault,11.121831,-95.540183
2024-04-01,13:05:23,"7680 Dennis Square
North Kimberly, MO 15883",burglary,57.790169,-3.725402
2022-12-16,05:45:25,"75876 Nathaniel Garden Apt. 344
Deborahside, RI 32832",vandalism,-19.222233,73.149897
2023-07-17,01:06:53,"389 Smith Roads
Jeffreyville, KS 99260",theft,9.7356775,-168.289177
2023-07-22,09:35:09,"62851 White Trace
Riggshaven, TX 24371",vandalism,50.844299,-121.242992
2024-01-23,06:33:13,"2803 Isabella Burg Suite 307
Powellside, NM 69901",assault,-81.3341365,-37.633764
2022-06-30,21:17:49,"9887 Wilson Land Apt. 864
Sharonfurt, MP 13067",assault,44.4321865,-115.438701
2023-10-05,08:05:32,"56738 Mark Rapid
Weaverville, NH 05859",theft,-19.1964435,-104.860049
2022-07-09,20:57:01,"760 Hawkins Islands Suite 824
East Darryl, NJ 40863",theft,-52.013618,-112.679360
2023-02-20,20:18:49,"20077 Davidson Spring
West Veronica, NV 52408",theft,33.036997,-6.649990
2022-11-10,08:56:17,"36802 Michael Bridge Apt. 110
Rosemouth, VT 42952",vandalism,-60.145901,-178.022589
2022-11-17,06:17:11,"7607 Tina Stream
South Spencermouth, IL 09084",assault,4.4546195,-60.490141
2023-08-05,23:11:18,"USNS Wheeler
FPO AE 23007",theft,-14.563007,-113.754269
2022-11-18,08:46:10,"52355 Kristen Ways Suite 592
East Nathan, NC 62222",theft,25.6569785,111.502967
2024-04-29,13:20:32,"Unit 8202 Box 8947
DPO AP 28846",vandalism,-53.6564705,-46.887765
2023-07-05,01:17:22,"USS Colon
FPO AE 45154",burglary,61.2738445,-136.403711
2022-06-01,19:56:48,"914 Cooper Fords
Davidmouth, IA 99718",burglary,69.262742,63.200782
2023-02-25,19:01:29,"05909 James Dam
West Davidhaven, MT 16695",vandalism,61.8382425,116.989079
2023-05-05,09:24:59,"1281 Williams Plaza Suite 955
Paulmouth, GU 10499",theft,61.323776,-47.734711
2024-03-22,23:54:28,"3411 Mann Junction Suite 359
Michaelborough, MS 03819",burglary,18.765260,26.618890
2024-05-07,11:18:32,"7579 Christopher Summit Apt. 984
Adriennetown, AZ 66323",assault,-88.1887215,-135.865320
2024-04-03,12:50:52,"USCGC Garcia
FPO AP 19993",vandalism,38.123600,-22.160320
2023-10-13,12:44:56,"07760 Morris Flat Apt. 653
West Nicholastown, MN 56060",assault,55.539180,172.233591
2024-04-06,22:07:17,"0352 Melissa Drive Suite 818
Grayfurt, NM 45183",vandalism,-46.0530265,-16.437427
2022-07-26,14:56:26,"89486 Thomas Loop Apt. 563
Stevenport, MT 12556",theft,51.1814125,-157.548639
2023-09-28,08:07:31,"005 Trujillo Tunnel Apt. 681
New Keithburgh, MA 28347",vandalism,81.810416,146.313593
2024-02-16,22:49:32,"5659 John Tunnel
Leahtown, PR 78516",vandalism,-66.766177,-32.091708
2022-10-04,19:02:47,"3882 Thomas Prairie Suite 761
Kellerstad, NC 33602",vandalism,64.970533,144.464743
2024-03-29,23:35:14,"92707 Anderson Streets
Matthewfurt, NH 87362",burglary,-34.535925,-166.803615
2022-10-17,01:56:29,"60599 Lamb Hill Apt. 114
Coxton, WI 25735",theft,-38.568863,-85.758675
2023-07-06,22:43:02,"73176 Kari Center Suite 028
Savannahbury, IL 16511",vandalism,-85.2568425,100.994726
2023-11-24,23:03:09,"60762 Alan Route Suite 572
South Dawn, VA 81191",assault,-86.7640505,152.357778
2023-06-14,10:01:05,"4708 Mckenzie Rue
North Timothy, IL 62286",burglary,36.7446875,73.715975
2023-07-29,12:53:40,"4007 Cassidy Roads Apt. 785
East Hector, OR 71799",vandalism,-84.3512715,103.512390
2023-04-17,20:58:07,"USCGC Edwards
FPO AP 84572",burglary,66.6568275,101.315249
2023-03-21,13:42:25,"61756 Timothy Wall Apt. 934
Monicaland, GA 52569",assault,-51.400321,54.941124
2023-10-07,23:05:13,"361 Elizabeth Street
North Jeff, SD 57369",assault,-27.8618685,165.188650
2023-12-04,22:30:48,"97721 Lee Glen
Jasminemouth, HI 30242",assault,-22.1512835,-97.996276
2023-10-02,17:50:42,"Unit 0817 Box 7199
DPO AP 38633",burglary,-11.8618665,-44.188695
2023-09-29,08:13:13,"5554 David Ranch Suite 403
South Nicoletown, ND 46980",vandalism,3.719315,10.156931
2022-09-11,11:40:31,"73020 Johnson Keys Suite 237
New Joshua, WI 19161",burglary,24.5525815,3.754965
2023-11-27,12:53:02,"751 Susan Fork
Thompsonport, NE 24412",assault,-24.5356085,162.457453
2023-09-16,17:18:25,"342 Jones Greens Apt. 778
Johnsonmouth, HI 13244",vandalism,88.986588,-47.834525
2023-04-24,21:04:25,"USS Perez
FPO AE 99745",theft,16.2695045,30.595285
2023-03-23,21:12:41,"57756 Clark Center
Port Greg, FL 55358",vandalism,1.626028,-59.821904
2023-10-12,13:26:10,"39431 Wilson Loaf Suite 760
Rebeccatown, SC 32569",assault,-21.684111,-99.375046
2024-04-25,14:37:26,"5808 Young Falls
Roberttown, SC 40791",burglary,54.898665,149.471675
2022-06-17,18:10:09,"PSC 1046, Box 9993
APO AE 78607",burglary,60.3545215,-178.436703
2023-12-16,14:18:28,"282 Johnson Lake Apt. 655
New Ryanstad, GA 85379",burglary,56.681702,79.841936
2023-10-11,05:28:04,"8665 Karina Drive Suite 491
Margaretshire, VT 19822",vandalism,-47.9395135,118.169935
2024-03-30,11:01:19,"7715 Kevin Fords
Colleenmouth, SD 59442",burglary,-47.3778645,-106.536130
2022-09-30,15:46:57,"893 Duncan Villages Apt. 796
East James, IL 99773",assault,0.2459555,-39.684013
2022-07-25,16:36:09,"PSC 9420, Box 0705
APO AA 68273",theft,-31.294850,142.524646
2023-06-24,00:13:15,"241 Kelly Expressway
Patriciafort, WY 24852",theft,61.280331,-61.549876
2022-06-05,13:28:29,"2106 Judy Crossroad
South Williamport, RI 40071",burglary,-24.0260975,-158.089176
2023-08-11,21:48:10,"49934 Susan Row Suite 945
Riosside, KS 44165",assault,57.2990905,-71.337136
2023-05-03,12:46:53,"7010 Laura Highway
Victoriatown, VT 63610",theft,-73.834435,70.321856
2023-05-28,02:03:24,"PSC 8579, Box 0821
APO AA 21345",assault,-72.204002,114.981051
2023-04-28,12:53:17,"544 Jones Courts Apt. 393
Stephanieside, VT 55752",assault,-30.4413365,-127.467149
2023-07-28,00:38:10,"9262 Amanda Island Suite 493
Nicholasbury, PA 22648",theft,83.2549375,-9.670363
2023-12-19,05:33:11,"9183 Fitzgerald Brook Suite 239
Lake Josephside, NJ 62326",burglary,6.0636155,67.868640
2023-05-02,13:59:36,"38807 Tanya Forge
Mitchellland, AK 07877",assault,-37.9150435,-8.841721
2024-01-25,14:42:03,"04513 Bruce Radial Apt. 289
Brittneyton, PA 98314",assault,-68.232213,-165.024560
2022-12-10,07:38:35,"11560 Garrison Forks Suite 429
Davidchester, AS 69240",burglary,13.6869365,74.992872
2023-02-23,22:32:39,"188 Jeffrey Drives
Shelleyshire, RI 07512",assault,36.544496,-100.136287
2022-11-28,20:11:35,"3465 Todd Island Suite 609
East Tiffanytown, MN 34193",theft,-52.7160605,-59.166244
2023-03-09,02:24:37,"7201 Stephen Harbors Suite 825
North Kenneth, IN 87816",vandalism,-35.450167,-76.791145
2022-08-29,17:43:33,"78301 Dunn Land Apt. 011
Stevensonmouth, NH 28766",assault,-54.405243,-10.496768
2024-01-18,17:38:13,"926 Bradley Vista
Meaganview, MA 17686",assault,-73.3818475,-9.428561
2023-08-19,18:51:27,"62798 Jodi Springs
East David, MH 56561",assault,82.3866455,149.978359
2022-09-11,05:39:46,"4333 Mary Plains Suite 136
Larrytown, OH 07847",theft,-17.1973805,-33.667830
2023-02-17,21:08:37,"4332 Jones Overpass
Graychester, IL 95344",vandalism,-80.9424235,146.690504
2023-02-11,21:35:20,"64652 Megan Summit
New Melissa, CO 90003",assault,-42.349623,-32.156676
2023-02-26,16:06:36,"56937 Davis Union
Sandraborough, ID 48286",burglary,12.915809,20.208663
2023-05-09,19:08:30,"USS Mitchell
FPO AA 40348",theft,-1.0413625,57.023293
2023-07-02,10:25:14,"897 Joe Street
Parkerville, KS 88818",assault,45.8865555,117.569218
2023-01-28,01:47:32,"8638 Kenneth Junction Suite 203
Port Richard, CA 95566",vandalism,-12.378093,-154.128916
2023-03-10,16:33:18,"113 Sandoval Drives
North Christopher, CA 42123",theft,19.8388335,-65.079670
2023-12-12,19:09:48,"21107 Randy Knolls
West Robin, ND 27056",theft,-83.558535,-138.419476
2023-11-24,12:26:33,"73546 Nathaniel Row
East Wendy, HI 37797",vandalism,-56.0733905,138.794436
2022-07-05,00:23:16,"856 Austin Spurs
Elizabethborough, SC 19332",theft,84.8962235,42.538902
2023-01-05,11:58:31,"8604 Butler Keys Suite 892
Hernandezview, CT 11499",vandalism,-77.0693195,-17.697165
2024-01-25,14:11:59,"6150 Kelly Island Apt. 183
West Amandastad, MN 65519",assault,-87.2033565,84.209503
2024-01-06,20:54:28,"32884 Brooke Stream Suite 487
Johnside, VT 28774",theft,-88.926584,-50.439884
2023-07-15,04:20:08,"05423 Pamela Flat Suite 201
Brucemouth, DE 04702",theft,-87.1276665,104.003679
2023-03-01,16:42:48,"502 Sean Mission
West Timothy, ID 74236",assault,48.5205205,161.572652
2023-09-17,04:02:33,"8411 Steven Passage
East Charles, MA 06115",vandalism,56.442556,-16.950902
2022-06-06,17:34:40,"6847 Avery Crossroad Suite 364
North Joshua, MN 82507",theft,33.379857,158.385324
2023-09-28,06:17:02,"357 Erica Square
Port Julie, KY 67374",theft,59.2559345,-71.609857
2022-06-02,16:37:18,"90751 Janet Shore
Colinmouth, WV 43858",assault,21.009821,72.604962
2023-07-12,12:45:29,"385 Morales Court
East Eric, OK 93888",burglary,-37.203079,39.353470
2024-02-15,07:07:21,"07587 Daniel Route
Parkerland, AZ 07045",assault,-69.1091185,-45.995533
2024-04-01,05:01:07,"4271 Bryant Centers Apt. 964
Georgeland, SD 80481",theft,76.034758,-45.138680
2023-10-06,14:24:02,"68390 Frey Inlet
Traciville, IA 63130",assault,2.8762975,102.607185
2023-02-25,00:00:19,"Unit 7095 Box 1436
DPO AA 48781",assault,-20.822922,59.328057
2023-12-30,17:09:37,"Unit 2450 Box 0249
DPO AA 33966",vandalism,-79.915290,-115.012967
2024-03-02,21:32:40,"191 John Manor
Jamieport, ND 45190",burglary,-60.8358895,15.488113
2022-11-19,19:33:13,"65385 Swanson Vista Suite 994
Nealchester, ME 36964",vandalism,4.9452785,-132.769818
2023-09-11,23:14:37,"USCGC Gonzales
FPO AE 38959",assault,4.347238,4.163130
2023-03-06,03:35:04,"49261 Vaughn Isle
New Andrewmouth, TX 48074",vandalism,61.9171035,133.087295
2022-08-22,19:05:53,"99581 Jones Parks Suite 033
Harrisberg, PW 75751",theft,30.445852,-1.429383
2022-06-04,17:59:40,"25429 Smith Point
Schwartzmouth, CT 33816",theft,75.042222,-47.098732
2023-12-13,17:40:48,"871 Gray Flats Apt. 112
Fitzgeraldberg, NM 82313",burglary,-86.873083,149.457014
2022-10-29,08:33:42,"1141 Williams Avenue
Scottmouth, HI 10323",theft,-44.287060,54.847470
2024-03-02,16:53:21,"2796 William Falls Apt. 394
Christophershire, FM 96001",theft,34.0771415,157.494338
2023-09-21,03:36:09,"0443 Gordon Plaza
New Mary, AZ 29990",theft,73.4846645,168.979251
2022-12-13,01:07:16,"252 Henry Vista
Ochoamouth, IA 78323",theft,-41.1039755,-139.302451
2022-08-21,07:34:32,"0547 Brian Key
Owensstad, VT 97805",theft,56.2569475,-95.863795
2023-02-28,09:55:36,"58149 Cook Spring Suite 939
Scottville, TX 19461",theft,-15.5218545,17.697850
2024-05-11,02:54:21,"280 Benson Crescent Suite 239
North Dustinborough, WI 33818",assault,-76.257645,-173.711358
2024-02-10,15:59:36,"53801 Lauren Coves Apt. 259
West Jenniferfurt, AZ 11208",theft,-49.167824,-51.506350
2022-10-06,09:13:56,"05856 Thomas Fords Apt. 672
West Andrewbury, FL 41028",burglary,55.297070,154.278261
2022-11-30,10:07:18,"6641 Rodriguez Land Apt. 347
East Rodney, VA 99643",burglary,2.729230,96.587472
2022-11-16,13:30:46,"USNS Cook
FPO AE 73273",theft,5.290729,-54.383966
2023-01-16,15:31:10,"9289 Veronica Cliffs
Lake Tylermouth, TN 13429",assault,-88.370805,-110.256406
2024-01-05,07:32:03,"140 Swanson Manor Suite 921
Stacyfort, LA 29150",vandalism,60.380750,-122.876926
2023-09-20,07:03:01,"6760 Green Ways
Kellermouth, AK 28966",theft,12.3197335,-24.752859
2022-11-07,00:58:49,"PSC 8331, Box 2492
APO AA 44413",vandalism,-76.7132175,-36.038509
2022-07-14,02:59:18,"PSC 7062, Box 6870
APO AE 52048",assault,-15.555253,-153.456266
2022-11-17,03:53:16,"20723 Terrell Common
Emilyview, KS 15255",assault,-60.649706,-63.665707
2023-09-14,05:51:57,"2383 Silva Centers Apt. 714
Kellytown, UT 04476",assault,-36.4815425,144.223411
2023-12-31,20:02:43,"082 Andrew Cape
Grahamland, SD 38641",burglary,79.317828,151.728978
2022-06-03,00:48:41,"53352 Todd Mount Suite 323
New Russell, HI 90044",theft,16.601288,7.911498
2023-03-23,02:50:03,"065 Meredith Square Suite 954
Thomasville, DC 81617",vandalism,82.9106385,-100.763129
